"prefix","number","gridid"
"B","00","B00"
"C","00","C00"
"D","00","D00"
"F","00","F00"
"G","00","G00"
"H","00","H00"
"J","00","J00"
"L","00","L00"
"M","00","M00"
"N","00","N00"
"O","00","O00"
"Q","00","Q00"
"R","00","R00"
"S","00","S00"
"T","00","T00"
"V","00","V00"
"W","00","W00"
"X","00","X00"
"B","01","B01"
"C","01","C01"
"D","01","D01"
"F","01","F01"
"G","01","G01"
"H","01","H01"
"J","01","J01"
"L","01","L01"
"M","01","M01"
"N","01","N01"
"O","01","O01"
"Q","01","Q01"
"R","01","R01"
"S","01","S01"
"T","01","T01"
"V","01","V01"
"W","01","W01"
"X","01","X01"
"B","02","B02"
"C","02","C02"
"D","02","D02"
"F","02","F02"
"G","02","G02"
"H","02","H02"
"J","02","J02"
"L","02","L02"
"M","02","M02"
"N","02","N02"
"O","02","O02"
"Q","02","Q02"
"R","02","R02"
"S","02","S02"
"T","02","T02"
"V","02","V02"
"W","02","W02"
"X","02","X02"
"B","03","B03"
"C","03","C03"
"D","03","D03"
"F","03","F03"
"G","03","G03"
"H","03","H03"
"J","03","J03"
"L","03","L03"
"M","03","M03"
"N","03","N03"
"O","03","O03"
"Q","03","Q03"
"R","03","R03"
"S","03","S03"
"T","03","T03"
"V","03","V03"
"W","03","W03"
"X","03","X03"
"B","04","B04"
"C","04","C04"
"D","04","D04"
"F","04","F04"
"G","04","G04"
"H","04","H04"
"J","04","J04"
"L","04","L04"
"M","04","M04"
"N","04","N04"
"O","04","O04"
"Q","04","Q04"
"R","04","R04"
"S","04","S04"
"T","04","T04"
"V","04","V04"
"W","04","W04"
"X","04","X04"
"B","05","B05"
"C","05","C05"
"D","05","D05"
"F","05","F05"
"G","05","G05"
"H","05","H05"
"J","05","J05"
"L","05","L05"
"M","05","M05"
"N","05","N05"
"O","05","O05"
"Q","05","Q05"
"R","05","R05"
"S","05","S05"
"T","05","T05"
"V","05","V05"
"W","05","W05"
"X","05","X05"
"B","06","B06"
"C","06","C06"
"D","06","D06"
"F","06","F06"
"G","06","G06"
"H","06","H06"
"J","06","J06"
"L","06","L06"
"M","06","M06"
"N","06","N06"
"O","06","O06"
"Q","06","Q06"
"R","06","R06"
"S","06","S06"
"T","06","T06"
"V","06","V06"
"W","06","W06"
"X","06","X06"
"B","07","B07"
"C","07","C07"
"D","07","D07"
"F","07","F07"
"G","07","G07"
"H","07","H07"
"J","07","J07"
"L","07","L07"
"M","07","M07"
"N","07","N07"
"O","07","O07"
"Q","07","Q07"
"R","07","R07"
"S","07","S07"
"T","07","T07"
"V","07","V07"
"W","07","W07"
"X","07","X07"
"B","08","B08"
"C","08","C08"
"D","08","D08"
"F","08","F08"
"G","08","G08"
"H","08","H08"
"J","08","J08"
"L","08","L08"
"M","08","M08"
"N","08","N08"
"O","08","O08"
"Q","08","Q08"
"R","08","R08"
"S","08","S08"
"T","08","T08"
"V","08","V08"
"W","08","W08"
"X","08","X08"
"B","09","B09"
"C","09","C09"
"D","09","D09"
"F","09","F09"
"G","09","G09"
"H","09","H09"
"J","09","J09"
"L","09","L09"
"M","09","M09"
"N","09","N09"
"O","09","O09"
"Q","09","Q09"
"R","09","R09"
"S","09","S09"
"T","09","T09"
"V","09","V09"
"W","09","W09"
"X","09","X09"
"B","10","B10"
"C","10","C10"
"D","10","D10"
"F","10","F10"
"G","10","G10"
"H","10","H10"
"J","10","J10"
"L","10","L10"
"M","10","M10"
"N","10","N10"
"O","10","O10"
"Q","10","Q10"
"R","10","R10"
"S","10","S10"
"T","10","T10"
"V","10","V10"
"W","10","W10"
"X","10","X10"
"B","11","B11"
"C","11","C11"
"D","11","D11"
"F","11","F11"
"G","11","G11"
"H","11","H11"
"J","11","J11"
"L","11","L11"
"M","11","M11"
"N","11","N11"
"O","11","O11"
"Q","11","Q11"
"R","11","R11"
"S","11","S11"
"T","11","T11"
"V","11","V11"
"W","11","W11"
"X","11","X11"
"B","12","B12"
"C","12","C12"
"D","12","D12"
"F","12","F12"
"G","12","G12"
"H","12","H12"
"J","12","J12"
"L","12","L12"
"M","12","M12"
"N","12","N12"
"O","12","O12"
"Q","12","Q12"
"R","12","R12"
"S","12","S12"
"T","12","T12"
"V","12","V12"
"W","12","W12"
"X","12","X12"
"B","13","B13"
"C","13","C13"
"D","13","D13"
"F","13","F13"
"G","13","G13"
"H","13","H13"
"J","13","J13"
"L","13","L13"
"M","13","M13"
"N","13","N13"
"O","13","O13"
"Q","13","Q13"
"R","13","R13"
"S","13","S13"
"T","13","T13"
"V","13","V13"
"W","13","W13"
"X","13","X13"
"B","14","B14"
"C","14","C14"
"D","14","D14"
"F","14","F14"
"G","14","G14"
"H","14","H14"
"J","14","J14"
"L","14","L14"
"M","14","M14"
"N","14","N14"
"O","14","O14"
"Q","14","Q14"
"R","14","R14"
"S","14","S14"
"T","14","T14"
"V","14","V14"
"W","14","W14"
"X","14","X14"
"B","15","B15"
"C","15","C15"
"D","15","D15"
"F","15","F15"
"G","15","G15"
"H","15","H15"
"J","15","J15"
"L","15","L15"
"M","15","M15"
"N","15","N15"
"O","15","O15"
"Q","15","Q15"
"R","15","R15"
"S","15","S15"
"T","15","T15"
"V","15","V15"
"W","15","W15"
"X","15","X15"
"B","16","B16"
"C","16","C16"
"D","16","D16"
"F","16","F16"
"G","16","G16"
"H","16","H16"
"J","16","J16"
"L","16","L16"
"M","16","M16"
"N","16","N16"
"O","16","O16"
"Q","16","Q16"
"R","16","R16"
"S","16","S16"
"T","16","T16"
"V","16","V16"
"W","16","W16"
"X","16","X16"
"B","17","B17"
"C","17","C17"
"D","17","D17"
"F","17","F17"
"G","17","G17"
"H","17","H17"
"J","17","J17"
"L","17","L17"
"M","17","M17"
"N","17","N17"
"O","17","O17"
"Q","17","Q17"
"R","17","R17"
"S","17","S17"
"T","17","T17"
"V","17","V17"
"W","17","W17"
"X","17","X17"
"B","18","B18"
"C","18","C18"
"D","18","D18"
"F","18","F18"
"G","18","G18"
"H","18","H18"
"J","18","J18"
"L","18","L18"
"M","18","M18"
"N","18","N18"
"O","18","O18"
"Q","18","Q18"
"R","18","R18"
"S","18","S18"
"T","18","T18"
"V","18","V18"
"W","18","W18"
"X","18","X18"
"B","19","B19"
"C","19","C19"
"D","19","D19"
"F","19","F19"
"G","19","G19"
"H","19","H19"
"J","19","J19"
"L","19","L19"
"M","19","M19"
"N","19","N19"
"O","19","O19"
"Q","19","Q19"
"R","19","R19"
"S","19","S19"
"T","19","T19"
"V","19","V19"
"W","19","W19"
"X","19","X19"
"B","20","B20"
"C","20","C20"
"D","20","D20"
"F","20","F20"
"G","20","G20"
"H","20","H20"
"J","20","J20"
"L","20","L20"
"M","20","M20"
"N","20","N20"
"O","20","O20"
"Q","20","Q20"
"R","20","R20"
"S","20","S20"
"T","20","T20"
"V","20","V20"
"W","20","W20"
"X","20","X20"
"B","21","B21"
"C","21","C21"
"D","21","D21"
"F","21","F21"
"G","21","G21"
"H","21","H21"
"J","21","J21"
"L","21","L21"
"M","21","M21"
"N","21","N21"
"O","21","O21"
"Q","21","Q21"
"R","21","R21"
"S","21","S21"
"T","21","T21"
"V","21","V21"
"W","21","W21"
"X","21","X21"
"B","22","B22"
"C","22","C22"
"D","22","D22"
"F","22","F22"
"G","22","G22"
"H","22","H22"
"J","22","J22"
"L","22","L22"
"M","22","M22"
"N","22","N22"
"O","22","O22"
"Q","22","Q22"
"R","22","R22"
"S","22","S22"
"T","22","T22"
"V","22","V22"
"W","22","W22"
"X","22","X22"
"B","23","B23"
"C","23","C23"
"D","23","D23"
"F","23","F23"
"G","23","G23"
"H","23","H23"
"J","23","J23"
"L","23","L23"
"M","23","M23"
"N","23","N23"
"O","23","O23"
"Q","23","Q23"
"R","23","R23"
"S","23","S23"
"T","23","T23"
"V","23","V23"
"W","23","W23"
"X","23","X23"
"B","24","B24"
"C","24","C24"
"D","24","D24"
"F","24","F24"
"G","24","G24"
"H","24","H24"
"J","24","J24"
"L","24","L24"
"M","24","M24"
"N","24","N24"
"O","24","O24"
"Q","24","Q24"
"R","24","R24"
"S","24","S24"
"T","24","T24"
"V","24","V24"
"W","24","W24"
"X","24","X24"
"B","25","B25"
"C","25","C25"
"D","25","D25"
"F","25","F25"
"G","25","G25"
"H","25","H25"
"J","25","J25"
"L","25","L25"
"M","25","M25"
"N","25","N25"
"O","25","O25"
"Q","25","Q25"
"R","25","R25"
"S","25","S25"
"T","25","T25"
"V","25","V25"
"W","25","W25"
"X","25","X25"
"B","26","B26"
"C","26","C26"
"D","26","D26"
"F","26","F26"
"G","26","G26"
"H","26","H26"
"J","26","J26"
"L","26","L26"
"M","26","M26"
"N","26","N26"
"O","26","O26"
"Q","26","Q26"
"R","26","R26"
"S","26","S26"
"T","26","T26"
"V","26","V26"
"W","26","W26"
"X","26","X26"
"B","27","B27"
"C","27","C27"
"D","27","D27"
"F","27","F27"
"G","27","G27"
"H","27","H27"
"J","27","J27"
"L","27","L27"
"M","27","M27"
"N","27","N27"
"O","27","O27"
"Q","27","Q27"
"R","27","R27"
"S","27","S27"
"T","27","T27"
"V","27","V27"
"W","27","W27"
"X","27","X27"
"B","28","B28"
"C","28","C28"
"D","28","D28"
"F","28","F28"
"G","28","G28"
"H","28","H28"
"J","28","J28"
"L","28","L28"
"M","28","M28"
"N","28","N28"
"O","28","O28"
"Q","28","Q28"
"R","28","R28"
"S","28","S28"
"T","28","T28"
"V","28","V28"
"W","28","W28"
"X","28","X28"
"B","29","B29"
"C","29","C29"
"D","29","D29"
"F","29","F29"
"G","29","G29"
"H","29","H29"
"J","29","J29"
"L","29","L29"
"M","29","M29"
"N","29","N29"
"O","29","O29"
"Q","29","Q29"
"R","29","R29"
"S","29","S29"
"T","29","T29"
"V","29","V29"
"W","29","W29"
"X","29","X29"
"B","30","B30"
"C","30","C30"
"D","30","D30"
"F","30","F30"
"G","30","G30"
"H","30","H30"
"J","30","J30"
"L","30","L30"
"M","30","M30"
"N","30","N30"
"O","30","O30"
"Q","30","Q30"
"R","30","R30"
"S","30","S30"
"T","30","T30"
"V","30","V30"
"W","30","W30"
"X","30","X30"
"B","31","B31"
"C","31","C31"
"D","31","D31"
"F","31","F31"
"G","31","G31"
"H","31","H31"
"J","31","J31"
"L","31","L31"
"M","31","M31"
"N","31","N31"
"O","31","O31"
"Q","31","Q31"
"R","31","R31"
"S","31","S31"
"T","31","T31"
"V","31","V31"
"W","31","W31"
"X","31","X31"
"B","32","B32"
"C","32","C32"
"D","32","D32"
"F","32","F32"
"G","32","G32"
"H","32","H32"
"J","32","J32"
"L","32","L32"
"M","32","M32"
"N","32","N32"
"O","32","O32"
"Q","32","Q32"
"R","32","R32"
"S","32","S32"
"T","32","T32"
"V","32","V32"
"W","32","W32"
"X","32","X32"
"B","33","B33"
"C","33","C33"
"D","33","D33"
"F","33","F33"
"G","33","G33"
"H","33","H33"
"J","33","J33"
"L","33","L33"
"M","33","M33"
"N","33","N33"
"O","33","O33"
"Q","33","Q33"
"R","33","R33"
"S","33","S33"
"T","33","T33"
"V","33","V33"
"W","33","W33"
"X","33","X33"
"B","34","B34"
"C","34","C34"
"D","34","D34"
"F","34","F34"
"G","34","G34"
"H","34","H34"
"J","34","J34"
"L","34","L34"
"M","34","M34"
"N","34","N34"
"O","34","O34"
"Q","34","Q34"
"R","34","R34"
"S","34","S34"
"T","34","T34"
"V","34","V34"
"W","34","W34"
"X","34","X34"
"B","35","B35"
"C","35","C35"
"D","35","D35"
"F","35","F35"
"G","35","G35"
"H","35","H35"
"J","35","J35"
"L","35","L35"
"M","35","M35"
"N","35","N35"
"O","35","O35"
"Q","35","Q35"
"R","35","R35"
"S","35","S35"
"T","35","T35"
"V","35","V35"
"W","35","W35"
"X","35","X35"
"B","36","B36"
"C","36","C36"
"D","36","D36"
"F","36","F36"
"G","36","G36"
"H","36","H36"
"J","36","J36"
"L","36","L36"
"M","36","M36"
"N","36","N36"
"O","36","O36"
"Q","36","Q36"
"R","36","R36"
"S","36","S36"
"T","36","T36"
"V","36","V36"
"W","36","W36"
"X","36","X36"
"B","37","B37"
"C","37","C37"
"D","37","D37"
"F","37","F37"
"G","37","G37"
"H","37","H37"
"J","37","J37"
"L","37","L37"
"M","37","M37"
"N","37","N37"
"O","37","O37"
"Q","37","Q37"
"R","37","R37"
"S","37","S37"
"T","37","T37"
"V","37","V37"
"W","37","W37"
"X","37","X37"
"B","38","B38"
"C","38","C38"
"D","38","D38"
"F","38","F38"
"G","38","G38"
"H","38","H38"
"J","38","J38"
"L","38","L38"
"M","38","M38"
"N","38","N38"
"O","38","O38"
"Q","38","Q38"
"R","38","R38"
"S","38","S38"
"T","38","T38"
"V","38","V38"
"W","38","W38"
"X","38","X38"
"B","39","B39"
"C","39","C39"
"D","39","D39"
"F","39","F39"
"G","39","G39"
"H","39","H39"
"J","39","J39"
"L","39","L39"
"M","39","M39"
"N","39","N39"
"O","39","O39"
"Q","39","Q39"
"R","39","R39"
"S","39","S39"
"T","39","T39"
"V","39","V39"
"W","39","W39"
"X","39","X39"
"B","40","B40"
"C","40","C40"
"D","40","D40"
"F","40","F40"
"G","40","G40"
"H","40","H40"
"J","40","J40"
"L","40","L40"
"M","40","M40"
"N","40","N40"
"O","40","O40"
"Q","40","Q40"
"R","40","R40"
"S","40","S40"
"T","40","T40"
"V","40","V40"
"W","40","W40"
"X","40","X40"
"B","41","B41"
"C","41","C41"
"D","41","D41"
"F","41","F41"
"G","41","G41"
"H","41","H41"
"J","41","J41"
"L","41","L41"
"M","41","M41"
"N","41","N41"
"O","41","O41"
"Q","41","Q41"
"R","41","R41"
"S","41","S41"
"T","41","T41"
"V","41","V41"
"W","41","W41"
"X","41","X41"
"B","42","B42"
"C","42","C42"
"D","42","D42"
"F","42","F42"
"G","42","G42"
"H","42","H42"
"J","42","J42"
"L","42","L42"
"M","42","M42"
"N","42","N42"
"O","42","O42"
"Q","42","Q42"
"R","42","R42"
"S","42","S42"
"T","42","T42"
"V","42","V42"
"W","42","W42"
"X","42","X42"
"B","43","B43"
"C","43","C43"
"D","43","D43"
"F","43","F43"
"G","43","G43"
"H","43","H43"
"J","43","J43"
"L","43","L43"
"M","43","M43"
"N","43","N43"
"O","43","O43"
"Q","43","Q43"
"R","43","R43"
"S","43","S43"
"T","43","T43"
"V","43","V43"
"W","43","W43"
"X","43","X43"
"B","44","B44"
"C","44","C44"
"D","44","D44"
"F","44","F44"
"G","44","G44"
"H","44","H44"
"J","44","J44"
"L","44","L44"
"M","44","M44"
"N","44","N44"
"O","44","O44"
"Q","44","Q44"
"R","44","R44"
"S","44","S44"
"T","44","T44"
"V","44","V44"
"W","44","W44"
"X","44","X44"
"B","45","B45"
"C","45","C45"
"D","45","D45"
"F","45","F45"
"G","45","G45"
"H","45","H45"
"J","45","J45"
"L","45","L45"
"M","45","M45"
"N","45","N45"
"O","45","O45"
"Q","45","Q45"
"R","45","R45"
"S","45","S45"
"T","45","T45"
"V","45","V45"
"W","45","W45"
"X","45","X45"
"B","46","B46"
"C","46","C46"
"D","46","D46"
"F","46","F46"
"G","46","G46"
"H","46","H46"
"J","46","J46"
"L","46","L46"
"M","46","M46"
"N","46","N46"
"O","46","O46"
"Q","46","Q46"
"R","46","R46"
"S","46","S46"
"T","46","T46"
"V","46","V46"
"W","46","W46"
"X","46","X46"
"B","47","B47"
"C","47","C47"
"D","47","D47"
"F","47","F47"
"G","47","G47"
"H","47","H47"
"J","47","J47"
"L","47","L47"
"M","47","M47"
"N","47","N47"
"O","47","O47"
"Q","47","Q47"
"R","47","R47"
"S","47","S47"
"T","47","T47"
"V","47","V47"
"W","47","W47"
"X","47","X47"
"B","48","B48"
"C","48","C48"
"D","48","D48"
"F","48","F48"
"G","48","G48"
"H","48","H48"
"J","48","J48"
"L","48","L48"
"M","48","M48"
"N","48","N48"
"O","48","O48"
"Q","48","Q48"
"R","48","R48"
"S","48","S48"
"T","48","T48"
"V","48","V48"
"W","48","W48"
"X","48","X48"
"B","49","B49"
"C","49","C49"
"D","49","D49"
"F","49","F49"
"G","49","G49"
"H","49","H49"
"J","49","J49"
"L","49","L49"
"M","49","M49"
"N","49","N49"
"O","49","O49"
"Q","49","Q49"
"R","49","R49"
"S","49","S49"
"T","49","T49"
"V","49","V49"
"W","49","W49"
"X","49","X49"
"B","50","B50"
"C","50","C50"
"D","50","D50"
"F","50","F50"
"G","50","G50"
"H","50","H50"
"J","50","J50"
"L","50","L50"
"M","50","M50"
"N","50","N50"
"O","50","O50"
"Q","50","Q50"
"R","50","R50"
"S","50","S50"
"T","50","T50"
"V","50","V50"
"W","50","W50"
"X","50","X50"
"B","51","B51"
"C","51","C51"
"D","51","D51"
"F","51","F51"
"G","51","G51"
"H","51","H51"
"J","51","J51"
"L","51","L51"
"M","51","M51"
"N","51","N51"
"O","51","O51"
"Q","51","Q51"
"R","51","R51"
"S","51","S51"
"T","51","T51"
"V","51","V51"
"W","51","W51"
"X","51","X51"
"B","52","B52"
"C","52","C52"
"D","52","D52"
"F","52","F52"
"G","52","G52"
"H","52","H52"
"J","52","J52"
"L","52","L52"
"M","52","M52"
"N","52","N52"
"O","52","O52"
"Q","52","Q52"
"R","52","R52"
"S","52","S52"
"T","52","T52"
"V","52","V52"
"W","52","W52"
"X","52","X52"
"B","53","B53"
"C","53","C53"
"D","53","D53"
"F","53","F53"
"G","53","G53"
"H","53","H53"
"J","53","J53"
"L","53","L53"
"M","53","M53"
"N","53","N53"
"O","53","O53"
"Q","53","Q53"
"R","53","R53"
"S","53","S53"
"T","53","T53"
"V","53","V53"
"W","53","W53"
"X","53","X53"
"B","54","B54"
"C","54","C54"
"D","54","D54"
"F","54","F54"
"G","54","G54"
"H","54","H54"
"J","54","J54"
"L","54","L54"
"M","54","M54"
"N","54","N54"
"O","54","O54"
"Q","54","Q54"
"R","54","R54"
"S","54","S54"
"T","54","T54"
"V","54","V54"
"W","54","W54"
"X","54","X54"
"B","55","B55"
"C","55","C55"
"D","55","D55"
"F","55","F55"
"G","55","G55"
"H","55","H55"
"J","55","J55"
"L","55","L55"
"M","55","M55"
"N","55","N55"
"O","55","O55"
"Q","55","Q55"
"R","55","R55"
"S","55","S55"
"T","55","T55"
"V","55","V55"
"W","55","W55"
"X","55","X55"
"B","56","B56"
"C","56","C56"
"D","56","D56"
"F","56","F56"
"G","56","G56"
"H","56","H56"
"J","56","J56"
"L","56","L56"
"M","56","M56"
"N","56","N56"
"O","56","O56"
"Q","56","Q56"
"R","56","R56"
"S","56","S56"
"T","56","T56"
"V","56","V56"
"W","56","W56"
"X","56","X56"
"B","57","B57"
"C","57","C57"
"D","57","D57"
"F","57","F57"
"G","57","G57"
"H","57","H57"
"J","57","J57"
"L","57","L57"
"M","57","M57"
"N","57","N57"
"O","57","O57"
"Q","57","Q57"
"R","57","R57"
"S","57","S57"
"T","57","T57"
"V","57","V57"
"W","57","W57"
"X","57","X57"
"B","58","B58"
"C","58","C58"
"D","58","D58"
"F","58","F58"
"G","58","G58"
"H","58","H58"
"J","58","J58"
"L","58","L58"
"M","58","M58"
"N","58","N58"
"O","58","O58"
"Q","58","Q58"
"R","58","R58"
"S","58","S58"
"T","58","T58"
"V","58","V58"
"W","58","W58"
"X","58","X58"
"B","59","B59"
"C","59","C59"
"D","59","D59"
"F","59","F59"
"G","59","G59"
"H","59","H59"
"J","59","J59"
"L","59","L59"
"M","59","M59"
"N","59","N59"
"O","59","O59"
"Q","59","Q59"
"R","59","R59"
"S","59","S59"
"T","59","T59"
"V","59","V59"
"W","59","W59"
"X","59","X59"
"B","60","B60"
"C","60","C60"
"D","60","D60"
"F","60","F60"
"G","60","G60"
"H","60","H60"
"J","60","J60"
"L","60","L60"
"M","60","M60"
"N","60","N60"
"O","60","O60"
"Q","60","Q60"
"R","60","R60"
"S","60","S60"
"T","60","T60"
"V","60","V60"
"W","60","W60"
"X","60","X60"
"B","61","B61"
"C","61","C61"
"D","61","D61"
"F","61","F61"
"G","61","G61"
"H","61","H61"
"J","61","J61"
"L","61","L61"
"M","61","M61"
"N","61","N61"
"O","61","O61"
"Q","61","Q61"
"R","61","R61"
"S","61","S61"
"T","61","T61"
"V","61","V61"
"W","61","W61"
"X","61","X61"
"B","62","B62"
"C","62","C62"
"D","62","D62"
"F","62","F62"
"G","62","G62"
"H","62","H62"
"J","62","J62"
"L","62","L62"
"M","62","M62"
"N","62","N62"
"O","62","O62"
"Q","62","Q62"
"R","62","R62"
"S","62","S62"
"T","62","T62"
"V","62","V62"
"W","62","W62"
"X","62","X62"
"B","63","B63"
"C","63","C63"
"D","63","D63"
"F","63","F63"
"G","63","G63"
"H","63","H63"
"J","63","J63"
"L","63","L63"
"M","63","M63"
"N","63","N63"
"O","63","O63"
"Q","63","Q63"
"R","63","R63"
"S","63","S63"
"T","63","T63"
"V","63","V63"
"W","63","W63"
"X","63","X63"
"B","64","B64"
"C","64","C64"
"D","64","D64"
"F","64","F64"
"G","64","G64"
"H","64","H64"
"J","64","J64"
"L","64","L64"
"M","64","M64"
"N","64","N64"
"O","64","O64"
"Q","64","Q64"
"R","64","R64"
"S","64","S64"
"T","64","T64"
"V","64","V64"
"W","64","W64"
"X","64","X64"
"B","65","B65"
"C","65","C65"
"D","65","D65"
"F","65","F65"
"G","65","G65"
"H","65","H65"
"J","65","J65"
"L","65","L65"
"M","65","M65"
"N","65","N65"
"O","65","O65"
"Q","65","Q65"
"R","65","R65"
"S","65","S65"
"T","65","T65"
"V","65","V65"
"W","65","W65"
"X","65","X65"
"B","66","B66"
"C","66","C66"
"D","66","D66"
"F","66","F66"
"G","66","G66"
"H","66","H66"
"J","66","J66"
"L","66","L66"
"M","66","M66"
"N","66","N66"
"O","66","O66"
"Q","66","Q66"
"R","66","R66"
"S","66","S66"
"T","66","T66"
"V","66","V66"
"W","66","W66"
"X","66","X66"
"B","67","B67"
"C","67","C67"
"D","67","D67"
"F","67","F67"
"G","67","G67"
"H","67","H67"
"J","67","J67"
"L","67","L67"
"M","67","M67"
"N","67","N67"
"O","67","O67"
"Q","67","Q67"
"R","67","R67"
"S","67","S67"
"T","67","T67"
"V","67","V67"
"W","67","W67"
"X","67","X67"
"B","68","B68"
"C","68","C68"
"D","68","D68"
"F","68","F68"
"G","68","G68"
"H","68","H68"
"J","68","J68"
"L","68","L68"
"M","68","M68"
"N","68","N68"
"O","68","O68"
"Q","68","Q68"
"R","68","R68"
"S","68","S68"
"T","68","T68"
"V","68","V68"
"W","68","W68"
"X","68","X68"
"B","69","B69"
"C","69","C69"
"D","69","D69"
"F","69","F69"
"G","69","G69"
"H","69","H69"
"J","69","J69"
"L","69","L69"
"M","69","M69"
"N","69","N69"
"O","69","O69"
"Q","69","Q69"
"R","69","R69"
"S","69","S69"
"T","69","T69"
"V","69","V69"
"W","69","W69"
"X","69","X69"
"B","70","B70"
"C","70","C70"
"D","70","D70"
"F","70","F70"
"G","70","G70"
"H","70","H70"
"J","70","J70"
"L","70","L70"
"M","70","M70"
"N","70","N70"
"O","70","O70"
"Q","70","Q70"
"R","70","R70"
"S","70","S70"
"T","70","T70"
"V","70","V70"
"W","70","W70"
"X","70","X70"
"B","71","B71"
"C","71","C71"
"D","71","D71"
"F","71","F71"
"G","71","G71"
"H","71","H71"
"J","71","J71"
"L","71","L71"
"M","71","M71"
"N","71","N71"
"O","71","O71"
"Q","71","Q71"
"R","71","R71"
"S","71","S71"
"T","71","T71"
"V","71","V71"
"W","71","W71"
"X","71","X71"
"B","72","B72"
"C","72","C72"
"D","72","D72"
"F","72","F72"
"G","72","G72"
"H","72","H72"
"J","72","J72"
"L","72","L72"
"M","72","M72"
"N","72","N72"
"O","72","O72"
"Q","72","Q72"
"R","72","R72"
"S","72","S72"
"T","72","T72"
"V","72","V72"
"W","72","W72"
"X","72","X72"
"B","73","B73"
"C","73","C73"
"D","73","D73"
"F","73","F73"
"G","73","G73"
"H","73","H73"
"J","73","J73"
"L","73","L73"
"M","73","M73"
"N","73","N73"
"O","73","O73"
"Q","73","Q73"
"R","73","R73"
"S","73","S73"
"T","73","T73"
"V","73","V73"
"W","73","W73"
"X","73","X73"
"B","74","B74"
"C","74","C74"
"D","74","D74"
"F","74","F74"
"G","74","G74"
"H","74","H74"
"J","74","J74"
"L","74","L74"
"M","74","M74"
"N","74","N74"
"O","74","O74"
"Q","74","Q74"
"R","74","R74"
"S","74","S74"
"T","74","T74"
"V","74","V74"
"W","74","W74"
"X","74","X74"
"B","75","B75"
"C","75","C75"
"D","75","D75"
"F","75","F75"
"G","75","G75"
"H","75","H75"
"J","75","J75"
"L","75","L75"
"M","75","M75"
"N","75","N75"
"O","75","O75"
"Q","75","Q75"
"R","75","R75"
"S","75","S75"
"T","75","T75"
"V","75","V75"
"W","75","W75"
"X","75","X75"
"B","76","B76"
"C","76","C76"
"D","76","D76"
"F","76","F76"
"G","76","G76"
"H","76","H76"
"J","76","J76"
"L","76","L76"
"M","76","M76"
"N","76","N76"
"O","76","O76"
"Q","76","Q76"
"R","76","R76"
"S","76","S76"
"T","76","T76"
"V","76","V76"
"W","76","W76"
"X","76","X76"
"B","77","B77"
"C","77","C77"
"D","77","D77"
"F","77","F77"
"G","77","G77"
"H","77","H77"
"J","77","J77"
"L","77","L77"
"M","77","M77"
"N","77","N77"
"O","77","O77"
"Q","77","Q77"
"R","77","R77"
"S","77","S77"
"T","77","T77"
"V","77","V77"
"W","77","W77"
"X","77","X77"
"B","78","B78"
"C","78","C78"
"D","78","D78"
"F","78","F78"
"G","78","G78"
"H","78","H78"
"J","78","J78"
"L","78","L78"
"M","78","M78"
"N","78","N78"
"O","78","O78"
"Q","78","Q78"
"R","78","R78"
"S","78","S78"
"T","78","T78"
"V","78","V78"
"W","78","W78"
"X","78","X78"
"B","79","B79"
"C","79","C79"
"D","79","D79"
"F","79","F79"
"G","79","G79"
"H","79","H79"
"J","79","J79"
"L","79","L79"
"M","79","M79"
"N","79","N79"
"O","79","O79"
"Q","79","Q79"
"R","79","R79"
"S","79","S79"
"T","79","T79"
"V","79","V79"
"W","79","W79"
"X","79","X79"
"B","80","B80"
"C","80","C80"
"D","80","D80"
"F","80","F80"
"G","80","G80"
"H","80","H80"
"J","80","J80"
"L","80","L80"
"M","80","M80"
"N","80","N80"
"O","80","O80"
"Q","80","Q80"
"R","80","R80"
"S","80","S80"
"T","80","T80"
"V","80","V80"
"W","80","W80"
"X","80","X80"
"B","81","B81"
"C","81","C81"
"D","81","D81"
"F","81","F81"
"G","81","G81"
"H","81","H81"
"J","81","J81"
"L","81","L81"
"M","81","M81"
"N","81","N81"
"O","81","O81"
"Q","81","Q81"
"R","81","R81"
"S","81","S81"
"T","81","T81"
"V","81","V81"
"W","81","W81"
"X","81","X81"
"B","82","B82"
"C","82","C82"
"D","82","D82"
"F","82","F82"
"G","82","G82"
"H","82","H82"
"J","82","J82"
"L","82","L82"
"M","82","M82"
"N","82","N82"
"O","82","O82"
"Q","82","Q82"
"R","82","R82"
"S","82","S82"
"T","82","T82"
"V","82","V82"
"W","82","W82"
"X","82","X82"
"B","83","B83"
"C","83","C83"
"D","83","D83"
"F","83","F83"
"G","83","G83"
"H","83","H83"
"J","83","J83"
"L","83","L83"
"M","83","M83"
"N","83","N83"
"O","83","O83"
"Q","83","Q83"
"R","83","R83"
"S","83","S83"
"T","83","T83"
"V","83","V83"
"W","83","W83"
"X","83","X83"
"B","84","B84"
"C","84","C84"
"D","84","D84"
"F","84","F84"
"G","84","G84"
"H","84","H84"
"J","84","J84"
"L","84","L84"
"M","84","M84"
"N","84","N84"
"O","84","O84"
"Q","84","Q84"
"R","84","R84"
"S","84","S84"
"T","84","T84"
"V","84","V84"
"W","84","W84"
"X","84","X84"
"B","85","B85"
"C","85","C85"
"D","85","D85"
"F","85","F85"
"G","85","G85"
"H","85","H85"
"J","85","J85"
"L","85","L85"
"M","85","M85"
"N","85","N85"
"O","85","O85"
"Q","85","Q85"
"R","85","R85"
"S","85","S85"
"T","85","T85"
"V","85","V85"
"W","85","W85"
"X","85","X85"
"B","86","B86"
"C","86","C86"
"D","86","D86"
"F","86","F86"
"G","86","G86"
"H","86","H86"
"J","86","J86"
"L","86","L86"
"M","86","M86"
"N","86","N86"
"O","86","O86"
"Q","86","Q86"
"R","86","R86"
"S","86","S86"
"T","86","T86"
"V","86","V86"
"W","86","W86"
"X","86","X86"
"B","87","B87"
"C","87","C87"
"D","87","D87"
"F","87","F87"
"G","87","G87"
"H","87","H87"
"J","87","J87"
"L","87","L87"
"M","87","M87"
"N","87","N87"
"O","87","O87"
"Q","87","Q87"
"R","87","R87"
"S","87","S87"
"T","87","T87"
"V","87","V87"
"W","87","W87"
"X","87","X87"
"B","88","B88"
"C","88","C88"
"D","88","D88"
"F","88","F88"
"G","88","G88"
"H","88","H88"
"J","88","J88"
"L","88","L88"
"M","88","M88"
"N","88","N88"
"O","88","O88"
"Q","88","Q88"
"R","88","R88"
"S","88","S88"
"T","88","T88"
"V","88","V88"
"W","88","W88"
"X","88","X88"
"B","89","B89"
"C","89","C89"
"D","89","D89"
"F","89","F89"
"G","89","G89"
"H","89","H89"
"J","89","J89"
"L","89","L89"
"M","89","M89"
"N","89","N89"
"O","89","O89"
"Q","89","Q89"
"R","89","R89"
"S","89","S89"
"T","89","T89"
"V","89","V89"
"W","89","W89"
"X","89","X89"
"B","90","B90"
"C","90","C90"
"D","90","D90"
"F","90","F90"
"G","90","G90"
"H","90","H90"
"J","90","J90"
"L","90","L90"
"M","90","M90"
"N","90","N90"
"O","90","O90"
"Q","90","Q90"
"R","90","R90"
"S","90","S90"
"T","90","T90"
"V","90","V90"
"W","90","W90"
"X","90","X90"
"B","91","B91"
"C","91","C91"
"D","91","D91"
"F","91","F91"
"G","91","G91"
"H","91","H91"
"J","91","J91"
"L","91","L91"
"M","91","M91"
"N","91","N91"
"O","91","O91"
"Q","91","Q91"
"R","91","R91"
"S","91","S91"
"T","91","T91"
"V","91","V91"
"W","91","W91"
"X","91","X91"
"B","92","B92"
"C","92","C92"
"D","92","D92"
"F","92","F92"
"G","92","G92"
"H","92","H92"
"J","92","J92"
"L","92","L92"
"M","92","M92"
"N","92","N92"
"O","92","O92"
"Q","92","Q92"
"R","92","R92"
"S","92","S92"
"T","92","T92"
"V","92","V92"
"W","92","W92"
"X","92","X92"
"B","93","B93"
"C","93","C93"
"D","93","D93"
"F","93","F93"
"G","93","G93"
"H","93","H93"
"J","93","J93"
"L","93","L93"
"M","93","M93"
"N","93","N93"
"O","93","O93"
"Q","93","Q93"
"R","93","R93"
"S","93","S93"
"T","93","T93"
"V","93","V93"
"W","93","W93"
"X","93","X93"
"B","94","B94"
"C","94","C94"
"D","94","D94"
"F","94","F94"
"G","94","G94"
"H","94","H94"
"J","94","J94"
"L","94","L94"
"M","94","M94"
"N","94","N94"
"O","94","O94"
"Q","94","Q94"
"R","94","R94"
"S","94","S94"
"T","94","T94"
"V","94","V94"
"W","94","W94"
"X","94","X94"
"B","95","B95"
"C","95","C95"
"D","95","D95"
"F","95","F95"
"G","95","G95"
"H","95","H95"
"J","95","J95"
"L","95","L95"
"M","95","M95"
"N","95","N95"
"O","95","O95"
"Q","95","Q95"
"R","95","R95"
"S","95","S95"
"T","95","T95"
"V","95","V95"
"W","95","W95"
"X","95","X95"
"B","96","B96"
"C","96","C96"
"D","96","D96"
"F","96","F96"
"G","96","G96"
"H","96","H96"
"J","96","J96"
"L","96","L96"
"M","96","M96"
"N","96","N96"
"O","96","O96"
"Q","96","Q96"
"R","96","R96"
"S","96","S96"
"T","96","T96"
"V","96","V96"
"W","96","W96"
"X","96","X96"
"B","97","B97"
"C","97","C97"
"D","97","D97"
"F","97","F97"
"G","97","G97"
"H","97","H97"
"J","97","J97"
"L","97","L97"
"M","97","M97"
"N","97","N97"
"O","97","O97"
"Q","97","Q97"
"R","97","R97"
"S","97","S97"
"T","97","T97"
"V","97","V97"
"W","97","W97"
"X","97","X97"
"B","98","B98"
"C","98","C98"
"D","98","D98"
"F","98","F98"
"G","98","G98"
"H","98","H98"
"J","98","J98"
"L","98","L98"
"M","98","M98"
"N","98","N98"
"O","98","O98"
"Q","98","Q98"
"R","98","R98"
"S","98","S98"
"T","98","T98"
"V","98","V98"
"W","98","W98"
"X","98","X98"
"B","99","B99"
"C","99","C99"
"D","99","D99"
"F","99","F99"
"G","99","G99"
"H","99","H99"
"J","99","J99"
"L","99","L99"
"M","99","M99"
"N","99","N99"
"O","99","O99"
"Q","99","Q99"
"R","99","R99"
"S","99","S99"
"T","99","T99"
"V","99","V99"
"W","99","W99"
"X","99","X99"
