"","X1km_square","overall_pa_2015","overall_pa_2018","overall_pa_2020","bait","bog","broadleaf","built","conifer","grassland","dwarf","river","rough","lat","long","people_km2","Day.1_2015","Day.1_2018","Day.1_2020","Day.2_2015","Day.2_2018","Day.2_2020","Day.3_2015","Day.3_2018","Day.3_2020","Day.4_2015","Day.4_2018","Day.4_2020","Day.5_2015","Day.5_2018","Day.5_2020","Day.6_2015","Day.6_2018","Day.6_2020","Day.7_2015","Day.7_2018","Day.7_2020","Day.8_2015","Day.8_2018","Day.8_2020","Day.9_2015","Day.9_2018","Day.9_2020","Day.10_2015","Day.10_2018","Day.10_2020","Day.11_2015","Day.11_2018","Day.11_2020","Day.12_2015","Day.12_2018","Day.12_2020","Day.13_2015","Day.13_2018","Day.13_2020","Day.14_2015","Day.14_2018","Day.14_2020"
"1","J2866",0,NA,NA,NA,NA,NA,NA,NA,NA,NA,NA,NA,NA,NA,NA,0,NA,NA,0,NA,NA,0,NA,NA,0,NA,NA,0,NA,NA,0,NA,NA,0,NA,NA,NA,NA,NA,NA,NA,NA,NA,NA,NA,NA,NA,NA,NA,NA,NA,NA,NA,NA,NA,NA,NA
"2","H3667",1,0,0,"sunflower and peanuts",0,0.084209,0.009177,0.14005,0.501435,0,4754.587114,0.26513,54.55005786,-7.444421272,26.5327,0,0,0,0,0,0,0,0,0,0,0,0,1,0,0,1,0,0,1,0,0,0,0,0,0,0,0,NA,0,0,NA,0,0,NA,0,0,NA,0,0,NA,0,0
"3","H1866",0,0,NA,NA,NA,NA,NA,NA,NA,NA,NA,NA,NA,NA,NA,0,0,NA,0,0,NA,0,0,NA,0,0,NA,0,0,NA,0,0,NA,0,0,NA,0,0,NA,NA,0,NA,NA,0,NA,NA,0,NA,NA,0,NA,NA,0,NA,NA,0,NA
"4","J0223",0,NA,1,"sunflower and peanuts",0,0.000888,0,0.189591,0.152903,0.437964,1500.129955,0.214992,54.14594917,-6.43982139,12.8882,0,NA,0,0,NA,0,0,NA,1,0,NA,0,0,NA,0,0,NA,0,0,NA,0,NA,NA,0,NA,NA,0,NA,NA,0,NA,NA,0,NA,NA,1,NA,NA,1,NA,NA,1
"5","H4545",1,NA,1,"sunflower and peanuts",0.023991,0.282557,0,0.144764,0.411289,0.008557,531.376227,0.124567,54.35172015,-7.308689007,21.4946,0,NA,0,0,NA,1,0,NA,1,0,NA,1,0,NA,1,1,NA,1,0,NA,1,NA,NA,1,NA,NA,1,NA,NA,1,NA,NA,1,NA,NA,1,NA,NA,1,NA,NA,1
"6","H4745",1,1,1,"sunflower and peanuts",0,0.097032,0,0.542961,0.166904,0.005026,4207.544557,0.188077,54.35153998,-7.277933571,1464.209291,1,0,1,0,0,0,0,0,0,0,0,0,1,0,1,0,0,0,0,0,0,0,0,0,0,0,0,0,1,0,NA,NA,0,NA,NA,0,NA,NA,0,NA,NA,0
"7","H6667",1,NA,1,"sunflower and peanuts",0.119289,0.055898,0,0.441244,0.043977,0.126081,1696.183387,0.206748,54.54703972,-6.980878805,45.1691,0,NA,0,0,NA,0,0,NA,0,0,NA,1,0,NA,1,0,NA,1,1,NA,1,0,NA,1,0,NA,0,1,NA,0,NA,NA,1,NA,NA,1,NA,NA,0,NA,NA,0
"8","D1129",0,NA,0,"sunflower and peanuts",0.784957,0,0,0.030215,0.022292,0.162536,3232.228131,0,55.09586342,-6.262040557,19.453751,0,NA,0,0,NA,0,0,NA,0,0,NA,0,0,NA,0,0,NA,0,0,NA,0,NA,NA,0,NA,NA,0,NA,NA,0,NA,NA,0,NA,NA,0,NA,NA,0,NA,NA,0
"9","H9061",0,NA,NA,NA,NA,NA,NA,NA,NA,NA,NA,NA,NA,NA,NA,0,NA,NA,0,NA,NA,0,NA,NA,0,NA,NA,0,NA,NA,0,NA,NA,0,NA,NA,0,NA,NA,0,NA,NA,0,NA,NA,NA,NA,NA,NA,NA,NA,NA,NA,NA,NA,NA,NA
"10","J3522",0,0,NA,NA,NA,NA,NA,NA,NA,NA,NA,NA,NA,NA,NA,0,0,NA,0,0,NA,0,0,NA,0,0,NA,0,0,NA,0,0,NA,0,0,NA,NA,0,NA,NA,0,NA,NA,NA,NA,NA,NA,NA,NA,NA,NA,NA,NA,NA,NA,NA,NA
"11","C4713",0,0,0,"sunflower and peanuts",0,0.136396,0.048075,0.008725,0.801029,0.005775,3429.256185,0,54.962336,-7.267015542,38.281601,0,0,0,0,0,0,0,0,0,0,0,0,0,0,0,0,0,0,0,0,0,0,0,0,0,0,0,NA,0,0,NA,0,0,NA,0,0,NA,0,0,NA,0,0
"12","H9555",0,NA,0,"sunflower and peanuts",0,0,0.004179,0.005131,0.913679,0,1479.248291,0.06725,54.4346706,-6.536747634,29.994499,0,NA,0,0,NA,0,0,NA,0,0,NA,0,0,NA,0,0,NA,0,0,NA,0,0,NA,0,0,NA,0,0,NA,0,0,NA,0,0,NA,0,NA,NA,0,NA,NA,0
"13","C4614",0,0,NA,NA,NA,NA,NA,NA,NA,NA,NA,NA,NA,NA,NA,0,0,NA,0,0,NA,0,0,NA,0,0,NA,0,0,NA,0,0,NA,0,0,NA,0,0,NA,0,0,NA,NA,0,NA,NA,0,NA,NA,0,NA,NA,0,NA,NA,0,NA
"14","H5277",0,0,0,"sunflower and peanuts",0.030058,0.159537,0.015229,0.190643,0.279753,0.008934,1051.561713,0.314064,54.63849147,-7.195418434,22.685201,0,0,0,0,0,0,0,0,0,0,0,0,0,0,0,0,0,0,0,0,0,0,0,0,NA,NA,0,NA,NA,0,NA,NA,0,NA,NA,0,NA,NA,0,NA,NA,0
"15","H4651",0,NA,NA,NA,NA,NA,NA,NA,NA,NA,NA,NA,NA,NA,NA,0,NA,NA,0,NA,NA,0,NA,NA,0,NA,NA,0,NA,NA,0,NA,NA,0,NA,NA,NA,NA,NA,NA,NA,NA,NA,NA,NA,NA,NA,NA,NA,NA,NA,NA,NA,NA,NA,NA,NA
"16","J3339",1,NA,1,"sunflower and peanuts",0,0.031137,0,0.17688,0.479245,0.146764,4876.271525,0.165974,54.28251665,-5.958640613,26.209299,1,NA,1,1,NA,0,1,NA,0,1,NA,0,1,NA,0,1,NA,1,0,NA,0,NA,NA,1,NA,NA,1,NA,NA,1,NA,NA,1,NA,NA,0,NA,NA,1,NA,NA,1
"17","C8029",0,NA,NA,NA,NA,NA,NA,NA,NA,NA,NA,NA,NA,NA,NA,0,NA,NA,0,NA,NA,0,NA,NA,0,NA,NA,0,NA,NA,0,NA,NA,0,NA,NA,0,NA,NA,0,NA,NA,0,NA,NA,0,NA,NA,0,NA,NA,NA,NA,NA,NA,NA,NA
"18","J0322",1,NA,0,"sunflower and peanuts",0,0.153924,0.006394,0.338144,0.346885,0.045617,0,0.109036,54.13676951,-6.424865579,27.889734,0,NA,0,0,NA,0,0,NA,0,1,NA,0,0,NA,0,0,NA,0,0,NA,0,NA,NA,0,NA,NA,0,NA,NA,0,NA,NA,0,NA,NA,0,NA,NA,0,NA,NA,0
"19","C9039",0,NA,NA,NA,NA,NA,NA,NA,NA,NA,NA,NA,NA,NA,NA,0,NA,NA,0,NA,NA,0,NA,NA,0,NA,NA,0,NA,NA,0,NA,NA,0,NA,NA,NA,NA,NA,NA,NA,NA,NA,NA,NA,NA,NA,NA,NA,NA,NA,NA,NA,NA,NA,NA,NA
"20","J3099",0,NA,1,"sunflower and peanuts",8.5e-05,0.008311,0.021724,0.580693,0.071017,0.056668,7765.169131,0.172399,54.8219465,-5.978190932,16.149199,0,NA,0,0,NA,0,0,NA,0,0,NA,1,0,NA,0,0,NA,0,0,NA,0,NA,NA,0,NA,NA,0,NA,NA,0,NA,NA,0,NA,NA,1,NA,NA,0,NA,NA,0
"21","J2014",0,NA,NA,NA,NA,NA,NA,NA,NA,NA,NA,NA,NA,NA,NA,0,NA,NA,0,NA,NA,0,NA,NA,0,NA,NA,0,NA,NA,0,NA,NA,0,NA,NA,NA,NA,NA,NA,NA,NA,NA,NA,NA,NA,NA,NA,NA,NA,NA,NA,NA,NA,NA,NA,NA
"22","C5319",0,0,NA,NA,NA,NA,NA,NA,NA,NA,NA,NA,NA,NA,NA,0,0,NA,0,0,NA,0,0,NA,0,0,NA,0,0,NA,0,0,NA,0,0,NA,0,0,NA,0,0,NA,0,0,NA,0,0,NA,0,0,NA,NA,0,NA,NA,0,NA
"23","C6021",0,NA,NA,NA,NA,NA,NA,NA,NA,NA,NA,NA,NA,NA,NA,0,NA,NA,0,NA,NA,0,NA,NA,0,NA,NA,0,NA,NA,0,NA,NA,0,NA,NA,NA,NA,NA,NA,NA,NA,NA,NA,NA,NA,NA,NA,NA,NA,NA,NA,NA,NA,NA,NA,NA
"24","C6220",0,NA,NA,NA,NA,NA,NA,NA,NA,NA,NA,NA,NA,NA,NA,0,NA,NA,0,NA,NA,0,NA,NA,0,NA,NA,0,NA,NA,0,NA,NA,0,NA,NA,NA,NA,NA,NA,NA,NA,NA,NA,NA,NA,NA,NA,NA,NA,NA,NA,NA,NA,NA,NA,NA
"25","C9536",0,NA,0,"sunflower and peanuts",0,0.101429,0.026741,0.135649,0.574173,0.121647,2429.605995,0.039511,55.1620363,-6.510224035,36.157249,0,NA,0,0,NA,0,0,NA,0,0,NA,0,0,NA,0,0,NA,0,0,NA,0,NA,NA,0,NA,NA,0,NA,NA,0,NA,NA,0,NA,NA,0,NA,NA,0,NA,NA,0
"26","H8698",0,NA,NA,NA,NA,NA,NA,NA,NA,NA,NA,NA,NA,NA,NA,0,NA,NA,0,NA,NA,0,NA,NA,0,NA,NA,0,NA,NA,0,NA,NA,0,NA,NA,NA,NA,NA,NA,NA,NA,NA,NA,NA,NA,NA,NA,NA,NA,NA,NA,NA,NA,NA,NA,NA
"27","H8598",0,NA,0,"sunflower and peanuts",0.374768,0.258236,0,0,0.292493,0.032327,0,0.042175,54.82260861,-6.678338775,63.999433,0,NA,0,0,NA,0,0,NA,0,0,NA,0,0,NA,0,0,NA,0,0,NA,0,NA,NA,0,NA,NA,0,NA,NA,0,NA,NA,0,NA,NA,0,NA,NA,0,NA,NA,0
"28","D1736",1,NA,NA,NA,NA,NA,NA,NA,NA,NA,NA,NA,NA,NA,NA,0,NA,NA,0,NA,NA,1,NA,NA,1,NA,NA,0,NA,NA,0,NA,NA,0,NA,NA,NA,NA,NA,NA,NA,NA,NA,NA,NA,NA,NA,NA,NA,NA,NA,NA,NA,NA,NA,NA,NA
"29","D0522",0,NA,NA,NA,NA,NA,NA,NA,NA,NA,NA,NA,NA,NA,NA,0,NA,NA,0,NA,NA,0,NA,NA,0,NA,NA,0,NA,NA,0,NA,NA,0,NA,NA,NA,NA,NA,NA,NA,NA,NA,NA,NA,NA,NA,NA,NA,NA,NA,NA,NA,NA,NA,NA,NA
"30","J6168",0,NA,0,"sunflower and peanuts",0,0.03121,0.026069,0.208124,0.702163,0.032407,2795.48216,2.7e-05,54.53475049,-5.513420997,129.24255,0,NA,0,0,NA,0,0,NA,0,0,NA,0,0,NA,0,0,NA,0,0,NA,0,NA,NA,0,NA,NA,0,NA,NA,0,NA,NA,0,NA,NA,0,NA,NA,0,NA,NA,0
"31","J5752",0,NA,NA,NA,NA,NA,NA,NA,NA,NA,NA,NA,NA,NA,NA,0,NA,NA,0,NA,NA,0,NA,NA,0,NA,NA,0,NA,NA,0,NA,NA,0,NA,NA,NA,NA,NA,NA,NA,NA,NA,NA,NA,NA,NA,NA,NA,NA,NA,NA,NA,NA,NA,NA,NA
"32","J3540",0,NA,NA,NA,NA,NA,NA,NA,NA,NA,NA,NA,NA,NA,NA,0,NA,NA,0,NA,NA,0,NA,NA,0,NA,NA,0,NA,NA,0,NA,NA,0,NA,NA,0,NA,NA,0,NA,NA,0,NA,NA,NA,NA,NA,NA,NA,NA,NA,NA,NA,NA,NA,NA
"33","J3270",0,NA,NA,NA,NA,NA,NA,NA,NA,NA,NA,NA,NA,NA,NA,0,NA,NA,0,NA,NA,0,NA,NA,0,NA,NA,0,NA,NA,0,NA,NA,0,NA,NA,0,NA,NA,0,NA,NA,0,NA,NA,0,NA,NA,NA,NA,NA,NA,NA,NA,NA,NA,NA
"34","C6901",0,NA,NA,NA,NA,NA,NA,NA,NA,NA,NA,NA,NA,NA,NA,0,NA,NA,0,NA,NA,0,NA,NA,0,NA,NA,0,NA,NA,0,NA,NA,0,NA,NA,NA,NA,NA,NA,NA,NA,NA,NA,NA,NA,NA,NA,NA,NA,NA,NA,NA,NA,NA,NA,NA
"35","J4190",0,NA,NA,NA,NA,NA,NA,NA,NA,NA,NA,NA,NA,NA,NA,0,NA,NA,0,NA,NA,0,NA,NA,0,NA,NA,0,NA,NA,0,NA,NA,0,NA,NA,NA,NA,NA,NA,NA,NA,NA,NA,NA,NA,NA,NA,NA,NA,NA,NA,NA,NA,NA,NA,NA
"36","H2935",0,1,1,"sunflower and peanuts",0,0.136188,0.007021,0.013037,0.663756,0.035006,1823.607694,0.09363,54.26304669,-7.555712535,39.120201,0,1,0,0,0,1,0,0,0,0,0,0,0,0,0,0,0,1,0,0,0,0,0,0,0,0,0,NA,0,0,NA,0,0,NA,0,0,NA,NA,0,NA,NA,0
"37","H1143",1,NA,NA,NA,NA,NA,NA,NA,NA,NA,NA,NA,NA,NA,NA,0,NA,NA,1,NA,NA,1,NA,NA,1,NA,NA,1,NA,NA,1,NA,NA,1,NA,NA,NA,NA,NA,NA,NA,NA,NA,NA,NA,NA,NA,NA,NA,NA,NA,NA,NA,NA,NA,NA,NA
"38","J3470",0,0,1,"sunflower and peanuts",0,0.118023,0.329508,0.144216,0.350128,0.020496,1532.820248,0,54.56055952,-5.92930814,30.4153,0,0,0,0,0,0,0,0,0,0,0,0,0,0,1,0,0,0,0,0,0,NA,0,0,NA,0,0,NA,0,0,NA,0,0,NA,0,0,NA,0,0,NA,0,0
"39","J3370",0,NA,1,"sunflower and peanuts",0,0.116091,0.442898,0.133581,0.242971,0.045954,1811.40915,0,54.56082303,-5.944755566,76.885174,0,NA,0,0,NA,0,0,NA,0,0,NA,0,0,NA,0,0,NA,1,0,NA,1,NA,NA,1,NA,NA,0,NA,NA,0,NA,NA,1,NA,NA,0,NA,NA,1,NA,NA,0
"40","D0822",0,NA,NA,NA,NA,NA,NA,NA,NA,NA,NA,NA,NA,NA,NA,0,NA,NA,0,NA,NA,0,NA,NA,0,NA,NA,0,NA,NA,0,NA,NA,0,NA,NA,NA,NA,NA,NA,NA,NA,NA,NA,NA,NA,NA,NA,NA,NA,NA,NA,NA,NA,NA,NA,NA
"41","H8151",0,NA,NA,NA,NA,NA,NA,NA,NA,NA,NA,NA,NA,NA,NA,0,NA,NA,0,NA,NA,0,NA,NA,0,NA,NA,0,NA,NA,0,NA,NA,0,NA,NA,NA,NA,NA,NA,NA,NA,NA,NA,NA,NA,NA,NA,NA,NA,NA,NA,NA,NA,NA,NA,NA
"42","J3942",0,NA,NA,NA,NA,NA,NA,NA,NA,NA,NA,NA,NA,NA,NA,0,NA,NA,0,NA,NA,0,NA,NA,0,NA,NA,0,NA,NA,0,NA,NA,0,NA,NA,NA,NA,NA,NA,NA,NA,NA,NA,NA,NA,NA,NA,NA,NA,NA,NA,NA,NA,NA,NA,NA
"43","C9431",0,NA,NA,NA,NA,NA,NA,NA,NA,NA,NA,NA,NA,NA,NA,0,NA,NA,0,NA,NA,0,NA,NA,0,NA,NA,0,NA,NA,0,NA,NA,0,NA,NA,NA,NA,NA,NA,NA,NA,NA,NA,NA,NA,NA,NA,NA,NA,NA,NA,NA,NA,NA,NA,NA
"44","C9605",0,NA,0,"sunflower and peanuts",0,0.200736,0.003425,0.022012,0.520654,0.156626,4068.375973,0.034316,54.88348241,-6.504940391,24.816799,0,NA,0,0,NA,0,0,NA,0,0,NA,0,0,NA,0,0,NA,0,0,NA,0,NA,NA,0,NA,NA,0,NA,NA,0,NA,NA,0,NA,NA,0,NA,NA,0,NA,NA,0
"45","J1120",1,NA,1,"sunflower and peanuts",0,0.547927,0.073401,0.144861,0.112461,0.022379,0,0,54.11714622,-6.303258764,91.377502,1,NA,0,0,NA,1,0,NA,0,0,NA,0,0,NA,1,0,NA,1,0,NA,0,0,NA,0,0,NA,0,NA,NA,0,NA,NA,1,NA,NA,0,NA,NA,0,NA,NA,0
"46","C6931",0,NA,NA,NA,NA,NA,NA,NA,NA,NA,NA,NA,NA,NA,NA,0,NA,NA,0,NA,NA,0,NA,NA,0,NA,NA,0,NA,NA,0,NA,NA,0,NA,NA,NA,NA,NA,NA,NA,NA,NA,NA,NA,NA,NA,NA,NA,NA,NA,NA,NA,NA,NA,NA,NA
"47","H4183",0,NA,NA,NA,NA,NA,NA,NA,NA,NA,NA,NA,NA,NA,NA,0,NA,NA,0,NA,NA,0,NA,NA,0,NA,NA,0,NA,NA,0,NA,NA,0,NA,NA,NA,NA,NA,NA,NA,NA,NA,NA,NA,NA,NA,NA,NA,NA,NA,NA,NA,NA,NA,NA,NA
"48","J3946",1,NA,1,"sunflower and peanuts",0,0.067282,0.028722,0.280839,0.295274,0.10323,632.686366,0.224654,54.34376341,-5.863329857,62.568901,0,NA,0,1,NA,0,0,NA,0,1,NA,0,0,NA,1,1,NA,1,0,NA,1,NA,NA,1,NA,NA,1,NA,NA,1,NA,NA,1,NA,NA,1,NA,NA,1,NA,NA,0
"49","C4215",0,0,1,"sunflower and peanuts",0,0.024045,0.489519,0.0624,0.410201,0,910.175332,0,54.98074555,-7.344773996,20.590099,0,0,0,0,0,0,0,0,0,0,0,0,0,0,0,0,0,0,0,0,0,0,0,0,NA,0,1,NA,0,1,NA,0,0,NA,0,1,NA,0,0,NA,0,0
"50","H5085",0,NA,NA,NA,NA,NA,NA,NA,NA,NA,NA,NA,NA,NA,NA,0,NA,NA,0,NA,NA,0,NA,NA,0,NA,NA,0,NA,NA,0,NA,NA,0,NA,NA,NA,NA,NA,NA,NA,NA,NA,NA,NA,NA,NA,NA,NA,NA,NA,NA,NA,NA,NA,NA,NA
"51","C9705",0,NA,0,"sunflower and peanuts",0,0.181989,0.037575,0.027955,0.681096,0.019083,5104.842909,0.033977,54.88328965,-6.489365032,14.64766,0,NA,0,0,NA,0,0,NA,0,0,NA,0,0,NA,0,0,NA,0,0,NA,0,0,NA,0,NA,NA,0,NA,NA,0,NA,NA,0,NA,NA,0,NA,NA,0,NA,NA,0
"52","H5093",0,0,1,"sunflower and peanuts",0.076483,0.204337,0.008762,0.153274,0.200154,0.125713,3967.759985,0.231278,54.78240721,-7.223647646,50.4328,0,0,0,0,0,0,0,0,0,0,0,0,0,0,0,0,0,0,0,0,1,NA,0,0,NA,0,0,NA,0,1,NA,0,1,NA,0,1,NA,0,1,NA,0,1
"53","D1233",0,7,1,"sunflower and peanuts",0.139937,0.122772,0,0.466796,0.037029,0.206054,1030.457131,0.027412,55.13155146,-6.244810174,4.73723,0,0,1,0,1,0,0,1,0,0,1,0,0,1,0,0,1,1,0,1,0,NA,1,0,NA,NA,0,NA,NA,0,NA,NA,0,NA,NA,1,NA,NA,0,NA,NA,1
"54","J3169",0,NA,NA,NA,NA,NA,NA,NA,NA,NA,NA,NA,NA,NA,NA,0,NA,NA,0,NA,NA,0,NA,NA,0,NA,NA,0,NA,NA,0,NA,NA,0,NA,NA,0,NA,NA,0,NA,NA,0,NA,NA,0,NA,NA,NA,NA,NA,NA,NA,NA,NA,NA,NA
"55","C5314",0,0,0,"sunflower and peanuts",0.192918,0.038008,0.016442,0.396941,0.350017,0,164.128178,0,54.97071676,-7.173172828,47.814751,0,0,0,0,0,0,0,0,0,0,0,0,0,0,0,0,0,0,0,0,0,NA,0,0,NA,0,0,NA,0,0,NA,0,0,NA,0,0,NA,0,0,NA,0,0
"56","C5216",0,0,0,"sunflower and peanuts",0,0.060182,0.076975,0.021217,0.83526,0.003305,5807.509857,0.003061,54.98878522,-7.188423345,70.8566,0,0,0,0,0,0,0,0,0,0,0,0,0,0,0,0,0,0,0,0,0,NA,0,0,NA,0,0,NA,NA,0,NA,NA,0,NA,NA,0,NA,NA,0,NA,NA,0
"57","H9455",1,NA,NA,NA,NA,NA,NA,NA,NA,NA,NA,NA,NA,NA,NA,0,NA,NA,0,NA,NA,1,NA,NA,0,NA,NA,0,NA,NA,1,NA,NA,0,NA,NA,NA,NA,NA,NA,NA,NA,NA,NA,NA,NA,NA,NA,NA,NA,NA,NA,NA,NA,NA,NA,NA
"58","C5021",0,0,NA,NA,NA,NA,NA,NA,NA,NA,NA,NA,NA,NA,NA,0,0,NA,0,0,NA,0,0,NA,0,0,NA,0,0,NA,0,0,NA,0,0,NA,NA,0,NA,NA,0,NA,NA,0,NA,NA,0,NA,NA,0,NA,NA,NA,NA,NA,NA,NA
"59","C4304",0,NA,NA,NA,NA,NA,NA,NA,NA,NA,NA,NA,NA,NA,NA,0,NA,NA,0,NA,NA,0,NA,NA,0,NA,NA,0,NA,NA,0,NA,NA,0,NA,NA,NA,NA,NA,NA,NA,NA,NA,NA,NA,NA,NA,NA,NA,NA,NA,NA,NA,NA,NA,NA,NA
"60","J4577",0,0,0,"sunflower and peanuts",0,0.114789,0.008758,0.249167,0.507678,0.072722,0,0.046886,54.62036449,-5.755950073,9.0465,0,0,0,0,0,0,0,0,0,0,0,0,0,0,0,0,0,0,0,0,0,NA,NA,0,NA,NA,0,NA,NA,0,NA,NA,0,NA,NA,0,NA,NA,0,NA,NA,0
"61","C7821",0,NA,1,"sunflower and peanuts",0,0.050047,0,0.515573,0.132022,0.170061,0,0.132297,55.03029921,-6.780982721,42.803651,0,NA,0,0,NA,0,0,NA,0,0,NA,0,0,NA,0,0,NA,0,0,NA,0,NA,NA,0,NA,NA,1,NA,NA,1,NA,NA,0,NA,NA,1,NA,NA,1,NA,NA,1
"62","C7523",0,NA,0,"sunflower and peanuts",0,0.02942,0,0.690883,0.171389,0.047223,3375.943153,0.061084,55.04872124,-6.82736104,115.996902,0,NA,0,0,NA,0,0,NA,0,0,NA,0,0,NA,0,0,NA,0,0,NA,0,NA,NA,0,NA,NA,0,NA,NA,0,NA,NA,0,NA,NA,0,NA,NA,0,NA,NA,0
"63","J0525",1,NA,1,"sunflower and peanuts",0,0.02346,0,0.230125,0.331531,0.370569,1330.48964,0.044316,54.163306,-6.39323578,22.03915,0,NA,1,0,NA,1,0,NA,1,0,NA,1,0,NA,1,1,NA,1,0,NA,1,0,NA,1,0,NA,1,0,NA,0,0,NA,0,0,NA,1,NA,NA,0,NA,NA,0
"64","D2904",1,0,0,"sunflower and peanuts",0.34957,0.014557,0,0.629678,0.006192,4e-06,2401.007722,0,54.86709069,-5.991509082,23.315201,1,0,0,1,0,0,1,0,0,0,0,0,1,0,0,0,0,0,1,0,0,NA,NA,0,NA,NA,0,NA,NA,0,NA,NA,0,NA,NA,0,NA,NA,0,NA,NA,0
"65","D0737",0,NA,NA,NA,NA,NA,NA,NA,NA,NA,NA,NA,NA,NA,NA,0,NA,NA,0,NA,NA,0,NA,NA,0,NA,NA,0,NA,NA,0,NA,NA,0,NA,NA,NA,NA,NA,NA,NA,NA,NA,NA,NA,NA,NA,NA,NA,NA,NA,NA,NA,NA,NA,NA,NA
"66","H8229",1,NA,1,"sunflower and peanuts",0.106361,0.300209,0,0.297045,0.217854,0.002701,3.9912,0.035836,54.20341602,-6.744161454,41.324126,0,NA,0,0,NA,0,1,NA,0,0,NA,1,1,NA,0,0,NA,0,0,NA,0,NA,NA,1,NA,NA,0,NA,NA,0,NA,NA,0,NA,NA,0,NA,NA,0,NA,NA,0
"67","H8385",0,0,0,"sunflower and peanuts",0,0.162641,4.8e-05,0,0.801721,0.006232,1712.157944,0.029358,54.70619583,-6.713156384,18.5228,0,0,0,0,0,0,0,0,0,0,0,0,0,0,0,0,0,0,0,0,0,NA,NA,0,NA,NA,0,NA,NA,0,NA,NA,0,NA,NA,0,NA,NA,0,NA,NA,0
"68","D4000",0,NA,NA,NA,NA,NA,NA,NA,NA,NA,NA,NA,NA,NA,NA,0,NA,NA,0,NA,NA,0,NA,NA,0,NA,NA,0,NA,NA,0,NA,NA,0,NA,NA,0,NA,NA,NA,NA,NA,NA,NA,NA,NA,NA,NA,NA,NA,NA,NA,NA,NA,NA,NA,NA
"69","C6818",0,NA,NA,NA,NA,NA,NA,NA,NA,NA,NA,NA,NA,NA,NA,0,NA,NA,0,NA,NA,0,NA,NA,0,NA,NA,0,NA,NA,0,NA,NA,0,NA,NA,NA,NA,NA,NA,NA,NA,NA,NA,NA,NA,NA,NA,NA,NA,NA,NA,NA,NA,NA,NA,NA
"70","J0117",0,NA,NA,NA,NA,NA,NA,NA,NA,NA,NA,NA,NA,NA,NA,0,NA,NA,0,NA,NA,0,NA,NA,0,NA,NA,0,NA,NA,0,NA,NA,0,NA,NA,NA,NA,NA,NA,NA,NA,NA,NA,NA,NA,NA,NA,NA,NA,NA,NA,NA,NA,NA,NA,NA
"71","H4338",1,0,1,"sunflower and peanuts",0.076742,0.212681,0.006494,0.228193,0.2299,0.047587,2306.787511,0.191991,54.28901201,-7.340451935,29.143299,0,0,0,0,0,0,0,0,0,1,0,0,1,0,0,1,0,0,0,0,0,1,0,0,NA,0,0,NA,0,1,NA,NA,1,NA,NA,0,NA,NA,0,NA,NA,0
"72","H3039",0,NA,NA,NA,NA,NA,NA,NA,NA,NA,NA,NA,NA,NA,NA,0,NA,NA,0,NA,NA,0,NA,NA,0,NA,NA,0,NA,NA,0,NA,NA,0,NA,NA,NA,NA,NA,NA,NA,NA,NA,NA,NA,NA,NA,NA,NA,NA,NA,NA,NA,NA,NA,NA,NA
"73","H6583",1,NA,NA,NA,NA,NA,NA,NA,NA,NA,NA,NA,NA,NA,NA,0,NA,NA,1,NA,NA,0,NA,NA,0,NA,NA,1,NA,NA,0,NA,NA,1,NA,NA,NA,NA,NA,NA,NA,NA,NA,NA,NA,NA,NA,NA,NA,NA,NA,NA,NA,NA,NA,NA,NA
"74","H2643",1,NA,NA,NA,NA,NA,NA,NA,NA,NA,NA,NA,NA,NA,NA,0,NA,NA,0,NA,NA,1,NA,NA,1,NA,NA,1,NA,NA,1,NA,NA,0,NA,NA,NA,NA,NA,NA,NA,NA,NA,NA,NA,NA,NA,NA,NA,NA,NA,NA,NA,NA,NA,NA,NA
"75","H2642",1,NA,NA,NA,NA,NA,NA,NA,NA,NA,NA,NA,NA,NA,NA,0,NA,NA,0,NA,NA,0,NA,NA,1,NA,NA,1,NA,NA,1,NA,NA,1,NA,NA,1,NA,NA,NA,NA,NA,NA,NA,NA,NA,NA,NA,NA,NA,NA,NA,NA,NA,NA,NA,NA
"76","H9147",0,NA,0,"sunflower and peanuts",0,0.03503,0.041047,0.012196,0.812746,0.033056,1370.40476,0.0532,54.36355576,-6.600817108,13.43561,0,NA,0,0,NA,0,0,NA,0,0,NA,0,0,NA,0,0,NA,0,0,NA,0,NA,NA,0,NA,NA,0,NA,NA,0,NA,NA,0,NA,NA,0,NA,NA,0,NA,NA,0
"77","H0160",0,NA,NA,NA,NA,NA,NA,NA,NA,NA,NA,NA,NA,NA,NA,0,NA,NA,0,NA,NA,0,NA,NA,0,NA,NA,0,NA,NA,0,NA,NA,0,NA,NA,0,NA,NA,0,NA,NA,0,NA,NA,NA,NA,NA,NA,NA,NA,NA,NA,NA,NA,NA,NA
"78","J5748",0,NA,NA,NA,NA,NA,NA,NA,NA,NA,NA,NA,NA,NA,NA,0,NA,NA,0,NA,NA,0,NA,NA,0,NA,NA,0,NA,NA,0,NA,NA,0,NA,NA,NA,NA,NA,NA,NA,NA,NA,NA,NA,NA,NA,NA,NA,NA,NA,NA,NA,NA,NA,NA,NA
"79","J3237",0,0,1,"sunflower and peanuts",0,0.027268,0.001124,0.763303,0.009173,0.104168,0,0.028084,54.26481959,-5.974865186,111.760575,0,0,0,0,0,0,0,0,0,0,0,1,0,0,0,0,0,0,0,0,0,NA,NA,0,NA,NA,0,NA,NA,0,NA,NA,0,NA,NA,0,NA,NA,0,NA,NA,0
"80","J4037",1,NA,NA,NA,NA,NA,NA,NA,NA,NA,NA,NA,NA,NA,NA,1,NA,NA,0,NA,NA,0,NA,NA,1,NA,NA,0,NA,NA,1,NA,NA,0,NA,NA,1,NA,NA,0,NA,NA,1,NA,NA,NA,NA,NA,NA,NA,NA,NA,NA,NA,NA,NA,NA
"81","H7452",1,NA,NA,NA,NA,NA,NA,NA,NA,NA,NA,NA,NA,NA,NA,0,NA,NA,1,NA,NA,1,NA,NA,0,NA,NA,0,NA,NA,0,NA,NA,0,NA,NA,0,NA,NA,NA,NA,NA,NA,NA,NA,NA,NA,NA,NA,NA,NA,NA,NA,NA,NA,NA,NA
"82","H4151",0,NA,0,"sunflower and peanuts",0,0.12044,0,0.166184,0.513087,0.011992,355.240543,0.188298,54.40595433,-7.369374801,57.883801,0,NA,0,0,NA,0,0,NA,0,0,NA,0,0,NA,0,0,NA,0,0,NA,0,NA,NA,0,NA,NA,0,NA,NA,0,NA,NA,0,NA,NA,0,NA,NA,0,NA,NA,0
"83","H1235",0,NA,0,"sunflower and peanuts",0,0.172421,0.039376,0.023713,0.47214,0.011645,2500.641656,0.277559,54.26372655,-7.81659117,133.436305,0,NA,0,0,NA,0,0,NA,0,0,NA,0,0,NA,0,0,NA,0,0,NA,0,NA,NA,0,NA,NA,0,NA,NA,0,NA,NA,0,NA,NA,0,NA,NA,0,NA,NA,0
"84","J4877",0,NA,1,"sunflower and peanuts",0,0.308886,0.008801,0.32062,0.129218,0.165179,0,0.055933,54.6194951,-5.709546764,75.3032,0,NA,0,0,NA,0,0,NA,1,0,NA,1,0,NA,1,0,NA,1,0,NA,0,NA,NA,1,NA,NA,1,NA,NA,1,NA,NA,1,NA,NA,0,NA,NA,0,NA,NA,0
"85","J0143",0,NA,0,"sunflower and peanuts",0,0.205806,0.021222,0,0.689455,0.019261,4153.284296,0.050844,54.32575382,-6.448392339,27.500051,0,NA,0,0,NA,0,0,NA,0,0,NA,0,0,NA,0,0,NA,0,0,NA,0,NA,NA,0,NA,NA,0,NA,NA,0,NA,NA,0,NA,NA,0,NA,NA,0,NA,NA,0
"86","D0642",0,0,0,"sunflower and peanuts",0.014146,0.020455,0.012354,0.136011,0.547238,0.134482,1096.09752,0.135314,55.21367603,-6.335467958,44.209366,0,0,0,0,0,0,0,0,0,0,0,0,0,0,0,0,0,0,0,0,0,0,0,0,0,NA,0,0,NA,0,NA,NA,0,NA,NA,0,NA,NA,0,NA,NA,0
"87","D0741",0,NA,0,"sunflower and peanuts",0.223585,0.008464,0,0.597347,0.152745,0.006031,2267.390426,0.011829,55.20448236,-6.320143503,19.773899,0,NA,0,0,NA,0,0,NA,0,0,NA,0,0,NA,0,0,NA,0,0,NA,0,NA,NA,0,NA,NA,0,NA,NA,0,NA,NA,0,NA,NA,0,NA,NA,0,NA,NA,0
"88","J4394",1,NA,NA,NA,NA,NA,NA,NA,NA,NA,NA,NA,NA,NA,NA,1,NA,NA,0,NA,NA,1,NA,NA,1,NA,NA,1,NA,NA,1,NA,NA,1,NA,NA,1,NA,NA,NA,NA,NA,NA,NA,NA,NA,NA,NA,NA,NA,NA,NA,NA,NA,NA,NA,NA
"89","C5406",0,NA,NA,NA,NA,NA,NA,NA,NA,NA,NA,NA,NA,NA,NA,0,NA,NA,0,NA,NA,0,NA,NA,0,NA,NA,0,NA,NA,0,NA,NA,0,NA,NA,NA,NA,NA,NA,NA,NA,NA,NA,NA,NA,NA,NA,NA,NA,NA,NA,NA,NA,NA,NA,NA
"90","J3497",0,NA,NA,NA,NA,NA,NA,NA,NA,NA,NA,NA,NA,NA,NA,0,NA,NA,0,NA,NA,0,NA,NA,0,NA,NA,0,NA,NA,0,NA,NA,0,NA,NA,NA,NA,NA,NA,NA,NA,NA,NA,NA,NA,NA,NA,NA,NA,NA,NA,NA,NA,NA,NA,NA
"91","H4632",1,NA,NA,NA,NA,NA,NA,NA,NA,NA,NA,NA,NA,NA,NA,0,NA,NA,0,NA,NA,0,NA,NA,1,NA,NA,1,NA,NA,1,NA,NA,NA,NA,NA,NA,NA,NA,NA,NA,NA,NA,NA,NA,NA,NA,NA,NA,NA,NA,NA,NA,NA,NA,NA,NA
"92","H5248",0,NA,NA,NA,NA,NA,NA,NA,NA,NA,NA,NA,NA,NA,NA,0,NA,NA,0,NA,NA,0,NA,NA,0,NA,NA,0,NA,NA,0,NA,NA,0,NA,NA,NA,NA,NA,NA,NA,NA,NA,NA,NA,NA,NA,NA,NA,NA,NA,NA,NA,NA,NA,NA,NA
"93","H2328",0,NA,NA,NA,NA,NA,NA,NA,NA,NA,NA,NA,NA,NA,NA,0,NA,NA,0,NA,NA,0,NA,NA,0,NA,NA,0,NA,NA,0,NA,NA,0,NA,NA,NA,NA,NA,NA,NA,NA,NA,NA,NA,NA,NA,NA,NA,NA,NA,NA,NA,NA,NA,NA,NA
"94","H3680",1,NA,NA,NA,NA,NA,NA,NA,NA,NA,NA,NA,NA,NA,NA,0,NA,NA,0,NA,NA,0,NA,NA,0,NA,NA,0,NA,NA,0,NA,NA,0,NA,NA,0,NA,NA,0,NA,NA,0,NA,NA,1,NA,NA,0,NA,NA,NA,NA,NA,NA,NA,NA
"95","H2047",0,NA,1,"sunflower and peanuts",0,0.032835,0.012925,0.06809,0.826287,0.006764,3380.573996,0,54.3712777,-7.693021024,20.16,0,NA,0,0,NA,0,0,NA,0,0,NA,0,0,NA,1,0,NA,0,0,NA,0,NA,NA,0,NA,NA,0,NA,NA,0,NA,NA,1,NA,NA,1,NA,NA,1,NA,NA,0
"96","H9527",1,NA,1,"sunflower and peanuts",0.283857,0.071882,0.014405,0.369179,0.212917,0.009706,1224.308393,0.026228,54.18321311,-6.545644201,1306.4935,0,NA,0,0,NA,0,1,NA,0,1,NA,0,0,NA,0,1,NA,0,1,NA,0,0,NA,0,NA,NA,0,NA,NA,1,NA,NA,0,NA,NA,0,NA,NA,0,NA,NA,0
"97","H3845",1,NA,NA,NA,NA,NA,NA,NA,NA,NA,NA,NA,NA,NA,NA,0,NA,NA,0,NA,NA,0,NA,NA,0,NA,NA,1,NA,NA,1,NA,NA,1,NA,NA,NA,NA,NA,NA,NA,NA,NA,NA,NA,NA,NA,NA,NA,NA,NA,NA,NA,NA,NA,NA,NA
"98","J2870",0,NA,0,"sunflower and peanuts",0,0.048002,0.757429,0,0.135943,0.058625,3074.522267,0,54.56211102,-6.021996387,9.1005,0,NA,0,0,NA,0,0,NA,0,0,NA,0,0,NA,0,0,NA,0,0,NA,0,NA,NA,0,NA,NA,0,NA,NA,0,NA,NA,0,NA,NA,0,NA,NA,0,NA,NA,0
"99","D1337",0,1,0,"sunflower and peanuts",0,0.015991,0,0.050748,0.926646,0.006615,6458.832076,0,55.16723663,-6.227548391,37.684949,0,0,0,0,0,0,0,0,0,0,0,0,0,0,0,0,0,0,0,1,0,0,0,0,NA,NA,0,NA,NA,0,NA,NA,0,NA,NA,0,NA,NA,0,NA,NA,0
"100","H4232",0,0,0,"sunflower and peanuts",0.003293,0.136316,0.016806,0.235367,0.427633,0,3283.589843,0.180584,54.23519679,-7.356646709,36.916349,0,0,0,0,0,0,0,0,0,0,0,0,0,0,0,0,0,0,0,0,0,NA,0,0,NA,0,0,NA,0,0,NA,NA,0,NA,NA,0,NA,NA,0,NA,NA,0
"101","H2834",0,NA,NA,NA,NA,NA,NA,NA,NA,NA,NA,NA,NA,NA,NA,0,NA,NA,0,NA,NA,0,NA,NA,0,NA,NA,0,NA,NA,0,NA,NA,0,NA,NA,NA,NA,NA,NA,NA,NA,NA,NA,NA,NA,NA,NA,NA,NA,NA,NA,NA,NA,NA,NA,NA
"102","J4292",0,NA,0,"sunflower and peanuts",0,0.073601,0.007536,0.204262,0.654669,0.026094,2879.552778,0.033837,54.75586115,-5.795064371,48.5919,0,NA,0,0,NA,0,0,NA,0,0,NA,0,0,NA,0,0,NA,0,0,NA,0,NA,NA,0,NA,NA,0,NA,NA,0,NA,NA,0,NA,NA,0,NA,NA,0,NA,NA,0
"103","H5646",0,NA,NA,NA,NA,NA,NA,NA,NA,NA,NA,NA,NA,NA,NA,0,NA,NA,0,NA,NA,0,NA,NA,0,NA,NA,0,NA,NA,0,NA,NA,0,NA,NA,0,NA,NA,0,NA,NA,NA,NA,NA,NA,NA,NA,NA,NA,NA,NA,NA,NA,NA,NA,NA
"104","J0414",0,NA,0,"sunflower and peanuts",0,0.041417,0.039073,0.286147,0.475553,0.087174,0,0.070635,54.06472521,-6.412319882,3732.20956,0,NA,0,0,NA,0,0,NA,0,0,NA,0,0,NA,0,0,NA,0,0,NA,0,NA,NA,0,NA,NA,0,NA,NA,0,NA,NA,0,NA,NA,0,NA,NA,0,NA,NA,0
"105","H3523",1,NA,1,"sunflower and peanuts",0.076998,0.672302,0,0.019033,0.077929,0,123.407432,0.128018,54.15487243,-7.46503655,243.835603,1,NA,1,0,NA,0,1,NA,0,1,NA,0,1,NA,1,1,NA,1,0,NA,1,0,NA,1,0,NA,1,NA,NA,1,NA,NA,1,NA,NA,1,NA,NA,1,NA,NA,0
"106","H4041",0,NA,1,"sunflower and peanuts",0,0.211775,0,0.227972,0.269706,0.014487,1662.252169,0.276059,54.31620435,-7.386114807,5.64027,0,NA,0,0,NA,1,0,NA,1,0,NA,0,0,NA,1,0,NA,1,0,NA,1,NA,NA,1,NA,NA,1,NA,NA,1,NA,NA,1,NA,NA,1,NA,NA,1,NA,NA,1
"107","H5138",0,3,1,"sunflower and peanuts",0.060293,0.207603,0.01786,0.092413,0.078003,0.06934,2703.927019,0.469139,54.28827735,-7.217618336,52.353901,0,1,1,0,0,1,0,0,1,0,0,1,0,0,1,0,1,0,0,0,0,NA,0,0,NA,1,0,NA,NA,0,NA,NA,0,NA,NA,0,NA,NA,0,NA,NA,0
"108","H0440",0,0,1,"sunflower and peanuts",0,0.181979,0.051445,0.072241,0.322441,0.159663,0,0.208353,54.30876901,-7.939293904,61.182301,0,0,0,0,0,0,0,0,0,0,0,0,0,0,0,0,0,0,0,0,0,NA,0,1,NA,0,0,NA,0,0,NA,0,0,NA,0,0,NA,0,0,NA,NA,1
"109","H0754",0,NA,NA,NA,NA,NA,NA,NA,NA,NA,NA,NA,NA,NA,NA,0,NA,NA,0,NA,NA,0,NA,NA,0,NA,NA,0,NA,NA,0,NA,NA,0,NA,NA,NA,NA,NA,NA,NA,NA,NA,NA,NA,NA,NA,NA,NA,NA,NA,NA,NA,NA,NA,NA,NA
"110","H6751",0,NA,NA,NA,NA,NA,NA,NA,NA,NA,NA,NA,NA,NA,NA,0,NA,NA,0,NA,NA,0,NA,NA,0,NA,NA,0,NA,NA,0,NA,NA,0,NA,NA,NA,NA,NA,NA,NA,NA,NA,NA,NA,NA,NA,NA,NA,NA,NA,NA,NA,NA,NA,NA,NA
"111","C9917",0,NA,1,"sunflower and peanuts",0.613693,0.013802,0,0.353005,0.0195,0,2429.425615,0,54.99065022,-6.454085286,43.14975,0,NA,0,0,NA,0,0,NA,0,0,NA,0,0,NA,0,0,NA,0,0,NA,0,NA,NA,0,NA,NA,0,NA,NA,0,NA,NA,0,NA,NA,0,NA,NA,1,NA,NA,1
"112","D2718",0,NA,1,"sunflower and peanuts",0,0,0.009161,0.045524,0.717369,0.146304,3573.178401,0.057454,54.99328311,-6.016461216,140.94725,0,NA,1,0,NA,0,0,NA,0,0,NA,0,0,NA,1,0,NA,1,0,NA,1,0,NA,1,NA,NA,1,NA,NA,1,NA,NA,1,NA,NA,1,NA,NA,0,NA,NA,0
"113","H3670",0,NA,NA,NA,NA,NA,NA,NA,NA,NA,NA,NA,NA,NA,NA,0,NA,NA,0,NA,NA,0,NA,NA,0,NA,NA,0,NA,NA,0,NA,NA,0,NA,NA,NA,NA,NA,NA,NA,NA,NA,NA,NA,NA,NA,NA,NA,NA,NA,NA,NA,NA,NA,NA,NA
"114","H6179",0,NA,NA,NA,NA,NA,NA,NA,NA,NA,NA,NA,NA,NA,NA,0,NA,NA,0,NA,NA,0,NA,NA,0,NA,NA,0,NA,NA,0,NA,NA,0,NA,NA,NA,NA,NA,NA,NA,NA,NA,NA,NA,NA,NA,NA,NA,NA,NA,NA,NA,NA,NA,NA,NA
"115","J4278",0,NA,NA,NA,NA,NA,NA,NA,NA,NA,NA,NA,NA,NA,NA,0,NA,NA,0,NA,NA,0,NA,NA,0,NA,NA,0,NA,NA,0,NA,NA,0,NA,NA,NA,NA,NA,NA,NA,NA,NA,NA,NA,NA,NA,NA,NA,NA,NA,NA,NA,NA,NA,NA,NA
"116","H4048",0,NA,NA,NA,NA,NA,NA,NA,NA,NA,NA,NA,NA,NA,NA,0,NA,NA,0,NA,NA,0,NA,NA,0,NA,NA,0,NA,NA,0,NA,NA,0,NA,NA,NA,NA,NA,NA,NA,NA,NA,NA,NA,NA,NA,NA,NA,NA,NA,NA,NA,NA,NA,NA,NA
"117","J2722",0,NA,0,"sunflower and peanuts",0,0.027916,0.008938,0.286338,0.072949,0.24453,2141.306851,0.359329,54.13140607,-6.057881737,189.310001,0,NA,0,0,NA,0,0,NA,0,0,NA,0,0,NA,0,0,NA,0,0,NA,0,NA,NA,0,NA,NA,0,NA,NA,0,NA,NA,0,NA,NA,0,NA,NA,0,NA,NA,0
"118","H7153",1,NA,NA,NA,NA,NA,NA,NA,NA,NA,NA,NA,NA,NA,NA,0,NA,NA,0,NA,NA,1,NA,NA,1,NA,NA,1,NA,NA,0,NA,NA,1,NA,NA,1,NA,NA,NA,NA,NA,NA,NA,NA,NA,NA,NA,NA,NA,NA,NA,NA,NA,NA,NA,NA
"119","H7360",0,NA,NA,NA,NA,NA,NA,NA,NA,NA,NA,NA,NA,NA,NA,0,NA,NA,0,NA,NA,0,NA,NA,0,NA,NA,0,NA,NA,0,NA,NA,0,NA,NA,NA,NA,NA,NA,NA,NA,NA,NA,NA,NA,NA,NA,NA,NA,NA,NA,NA,NA,NA,NA,NA
"120","H4781",0,NA,NA,NA,NA,NA,NA,NA,NA,NA,NA,NA,NA,NA,NA,0,NA,NA,0,NA,NA,0,NA,NA,0,NA,NA,0,NA,NA,0,NA,NA,0,NA,NA,NA,NA,NA,NA,NA,NA,NA,NA,NA,NA,NA,NA,NA,NA,NA,NA,NA,NA,NA,NA,NA
"121","H1264",1,2,1,"sunflower and peanuts",0,0.212184,0.004929,0.376423,0.337539,0,0,0.01444,54.52424415,-7.815423169,94.8245,0,0,0,0,0,0,0,0,1,0,0,0,1,0,1,0,1,0,0,0,0,NA,0,0,NA,1,0,NA,0,0,NA,NA,0,NA,NA,0,NA,NA,0,NA,NA,0
"122","C4310",0,NA,NA,NA,NA,NA,NA,NA,NA,NA,NA,NA,NA,NA,NA,0,NA,NA,0,NA,NA,0,NA,NA,0,NA,NA,0,NA,NA,0,NA,NA,0,NA,NA,NA,NA,NA,NA,NA,NA,NA,NA,NA,NA,NA,NA,NA,NA,NA,NA,NA,NA,NA,NA,NA
"123","H8630",0,NA,1,"sunflower and peanuts",0.010346,0.257427,0.007961,0.315774,0.363969,0,3426.734345,0.039938,54.21174276,-6.682596367,94.431202,0,NA,0,0,NA,0,0,NA,0,0,NA,0,0,NA,0,0,NA,1,0,NA,1,NA,NA,0,NA,NA,0,NA,NA,0,NA,NA,0,NA,NA,0,NA,NA,0,NA,NA,0
"124","H7086",0,NA,1,"sunflower and peanuts",0.073841,0.014081,0.001722,0.886347,0.007177,0.005632,3615.690021,0,54.71715068,-6.914543618,27.4863,0,NA,0,0,NA,0,0,NA,0,0,NA,1,0,NA,1,0,NA,1,0,NA,1,NA,NA,1,NA,NA,1,NA,NA,1,NA,NA,1,NA,NA,1,NA,NA,1,NA,NA,1
"125","H7384",1,NA,1,"sunflower and peanuts",0.119283,0.009328,0.022402,0.251824,0.092933,0.199476,408.831652,0.169185,54.69876249,-6.868502202,9.71762,0,NA,0,1,NA,0,0,NA,0,0,NA,1,0,NA,0,0,NA,0,0,NA,0,NA,NA,0,NA,NA,0,NA,NA,0,NA,NA,0,NA,NA,0,NA,NA,0,NA,NA,0
"126","H3576",0,NA,NA,NA,NA,NA,NA,NA,NA,NA,NA,NA,NA,NA,NA,0,NA,NA,0,NA,NA,0,NA,NA,0,NA,NA,0,NA,NA,0,NA,NA,0,NA,NA,0,NA,NA,0,NA,NA,0,NA,NA,0,NA,NA,0,NA,NA,NA,NA,NA,NA,NA,NA
"127","H2968",0,NA,NA,NA,NA,NA,NA,NA,NA,NA,NA,NA,NA,NA,NA,0,NA,NA,0,NA,NA,0,NA,NA,0,NA,NA,0,NA,NA,0,NA,NA,0,NA,NA,NA,NA,NA,NA,NA,NA,NA,NA,NA,NA,NA,NA,NA,NA,NA,NA,NA,NA,NA,NA,NA
"128","H7246",0,NA,NA,NA,NA,NA,NA,NA,NA,NA,NA,NA,NA,NA,NA,0,NA,NA,0,NA,NA,0,NA,NA,0,NA,NA,0,NA,NA,0,NA,NA,0,NA,NA,0,NA,NA,NA,NA,NA,NA,NA,NA,NA,NA,NA,NA,NA,NA,NA,NA,NA,NA,NA,NA
"129","H9178",0,NA,1,"sunflower and peanuts",0.003349,0.039183,0.086308,0.43901,0.432149,0,0,0,54.6419528,-6.591269604,15.5387,0,NA,0,0,NA,0,0,NA,0,0,NA,0,0,NA,0,0,NA,0,0,NA,1,NA,NA,0,NA,NA,1,NA,NA,0,NA,NA,0,NA,NA,0,NA,NA,0,NA,NA,0
"130","H3241",0,NA,0,"sunflower and peanuts",0,0.068792,0,0.060659,0.864368,0,197.711506,0.00618,54.31676756,-7.509035338,159.088271,0,NA,0,0,NA,0,0,NA,0,0,NA,0,0,NA,0,0,NA,0,0,NA,0,0,NA,0,0,NA,0,0,NA,0,NA,NA,0,NA,NA,0,NA,NA,0,NA,NA,0
"131","J1225",0,NA,0,"sunflower and peanuts",0,0.063482,0.034073,0.00613,0.591765,0.021656,1968.554013,0.039768,54.16182855,-6.286119904,82.434333,0,NA,0,0,NA,0,0,NA,0,0,NA,0,0,NA,0,0,NA,0,0,NA,0,NA,NA,0,NA,NA,0,NA,NA,0,NA,NA,0,NA,NA,0,NA,NA,0,NA,NA,0
"132","H2627",1,NA,1,"sunflower and peanuts",0,0.32191,0.036269,0.04706,0.387086,0.034496,5066.990641,0.173181,54.19134012,-7.602440875,28.94405,1,NA,0,1,NA,1,1,NA,1,1,NA,1,1,NA,1,1,NA,1,1,NA,1,NA,NA,1,NA,NA,0,NA,NA,1,NA,NA,0,NA,NA,0,NA,NA,0,NA,NA,1
"133","H4329",0,1,1,"sunflower and peanuts",0,0.076478,0.005637,0,0.858663,0,4190.656954,0.059221,54.20816469,-7.341741195,79.823799,0,0,0,0,0,0,0,0,0,0,0,1,0,0,1,0,0,0,0,0,1,NA,1,1,NA,0,1,NA,0,1,NA,NA,1,NA,NA,0,NA,NA,1,NA,NA,1
"134","H7695",0,0,0,"sunflower and peanuts",0,0.368974,0,0.03959,0.453086,0,3389.944832,0.115261,54.79710988,-6.819110062,77.877502,0,0,0,0,0,0,0,0,0,0,0,0,0,0,0,0,0,0,0,0,0,NA,0,0,NA,0,0,NA,0,0,NA,0,0,NA,0,0,NA,0,0,NA,0,0
"135","H3753",0,NA,NA,NA,NA,NA,NA,NA,NA,NA,NA,NA,NA,NA,NA,0,NA,NA,0,NA,NA,0,NA,NA,0,NA,NA,0,NA,NA,0,NA,NA,0,NA,NA,NA,NA,NA,NA,NA,NA,NA,NA,NA,NA,NA,NA,NA,NA,NA,NA,NA,NA,NA,NA,NA
"136","C7535",0,0,0,"sunflower and peanuts",0,0.202827,0.041695,0.323508,0.308196,0.000352,4873.429873,0.110359,55.15648685,-6.824200382,45.7159,0,0,0,0,0,0,0,0,0,0,0,0,0,0,0,0,0,0,0,0,0,NA,0,0,NA,0,0,NA,0,0,NA,0,0,NA,0,0,NA,0,0,NA,0,0
"137","H2086",0,NA,NA,NA,NA,NA,NA,NA,NA,NA,NA,NA,NA,NA,NA,0,NA,NA,0,NA,NA,0,NA,NA,0,NA,NA,0,NA,NA,0,NA,NA,0,NA,NA,NA,NA,NA,NA,NA,NA,NA,NA,NA,NA,NA,NA,NA,NA,NA,NA,NA,NA,NA,NA,NA
"138","J0835",0,NA,0,"sunflower and peanuts",0,0.114222,0.009633,0.035037,0.683534,0,2235.29519,0.106233,54.2524839,-6.343737914,19.4545,0,NA,0,0,NA,0,0,NA,0,0,NA,0,0,NA,0,0,NA,0,0,NA,0,NA,NA,0,NA,NA,0,NA,NA,0,NA,NA,0,NA,NA,0,NA,NA,0,NA,NA,0
"139","H7677",0,0,0,"sunflower and peanuts",0,0.221163,0.014162,0.197726,0.560871,0,1693.440061,0,54.63545137,-6.823800892,35.818199,0,0,0,0,0,0,0,0,0,0,0,0,0,0,0,0,0,0,0,0,0,NA,0,0,NA,0,0,NA,0,0,NA,0,0,NA,0,0,NA,0,0,NA,0,0
"140","H1767",1,1,1,"sunflower and peanuts",0,0.058447,0,0.495489,0.104917,0,2975.425542,0.341147,54.55105074,-7.738032685,19.47635,0,0,1,0,0,1,1,0,1,1,0,1,1,1,1,1,0,1,1,0,1,1,0,1,1,0,1,1,0,1,1,NA,1,1,NA,1,NA,NA,1,NA,NA,0
"141","J0537",0,NA,0,"sunflower and peanuts",0,0.040089,0.007256,0.022181,0.716701,0.023815,1256.854012,0.170742,54.27106759,-6.389045133,59.292032,0,NA,0,0,NA,0,0,NA,0,0,NA,0,0,NA,0,0,NA,0,0,NA,0,0,NA,0,NA,NA,0,NA,NA,0,NA,NA,0,NA,NA,0,NA,NA,0,NA,NA,0
"142","H8770",0,NA,0,"sunflower and peanuts",0,0.368723,0,0.101088,0.491287,0,490.913372,0.038902,54.57081269,-6.655575862,34.986599,0,NA,0,0,NA,0,0,NA,0,0,NA,0,0,NA,0,0,NA,0,0,NA,0,NA,NA,0,NA,NA,0,NA,NA,0,NA,NA,0,NA,NA,0,NA,NA,0,NA,NA,0
"143","H2067",1,0,1,"sunflower and peanuts",0,0,0,0.307514,0.483322,0.007305,2597.291309,0.20186,54.55094134,-7.691671897,18.17355,0,0,0,0,0,1,0,0,1,1,0,1,0,0,0,0,0,0,0,0,0,0,0,1,0,NA,0,0,NA,0,1,NA,0,NA,NA,0,NA,NA,0,NA,NA,0
"144","C5616",0,NA,NA,NA,NA,NA,NA,NA,NA,NA,NA,NA,NA,NA,NA,0,NA,NA,0,NA,NA,0,NA,NA,0,NA,NA,0,NA,NA,0,NA,NA,0,NA,NA,NA,NA,NA,NA,NA,NA,NA,NA,NA,NA,NA,NA,NA,NA,NA,NA,NA,NA,NA,NA,NA
"145","H6162",0,NA,NA,NA,NA,NA,NA,NA,NA,NA,NA,NA,NA,NA,NA,0,NA,NA,0,NA,NA,0,NA,NA,0,NA,NA,0,NA,NA,0,NA,NA,0,NA,NA,0,NA,NA,0,NA,NA,NA,NA,NA,NA,NA,NA,NA,NA,NA,NA,NA,NA,NA,NA,NA
"146","J2868",0,NA,NA,NA,NA,NA,NA,NA,NA,NA,NA,NA,NA,NA,NA,0,NA,NA,0,NA,NA,0,NA,NA,0,NA,NA,0,NA,NA,0,NA,NA,0,NA,NA,NA,NA,NA,NA,NA,NA,NA,NA,NA,NA,NA,NA,NA,NA,NA,NA,NA,NA,NA,NA,NA
"147","J3068",0,NA,NA,NA,NA,NA,NA,NA,NA,NA,NA,NA,NA,NA,NA,0,NA,NA,0,NA,NA,0,NA,NA,0,NA,NA,0,NA,NA,0,NA,NA,0,NA,NA,0,NA,NA,NA,NA,NA,NA,NA,NA,NA,NA,NA,NA,NA,NA,NA,NA,NA,NA,NA,NA
"148","H3358",1,NA,NA,NA,NA,NA,NA,NA,NA,NA,NA,NA,NA,NA,NA,1,NA,NA,1,NA,NA,0,NA,NA,1,NA,NA,0,NA,NA,0,NA,NA,0,NA,NA,NA,NA,NA,NA,NA,NA,NA,NA,NA,NA,NA,NA,NA,NA,NA,NA,NA,NA,NA,NA,NA
"149","H3159",0,NA,NA,NA,NA,NA,NA,NA,NA,NA,NA,NA,NA,NA,NA,0,NA,NA,0,NA,NA,0,NA,NA,0,NA,NA,0,NA,NA,0,NA,NA,0,NA,NA,NA,NA,NA,NA,NA,NA,NA,NA,NA,NA,NA,NA,NA,NA,NA,NA,NA,NA,NA,NA,NA
"150","H1851",1,NA,1,"sunflower and peanuts",0,0.734211,0.046342,0.123523,0.056208,0,0,0,54.40728537,-7.723551367,48.85515,0,NA,0,0,NA,0,1,NA,0,0,NA,1,0,NA,1,0,NA,1,0,NA,0,NA,NA,1,NA,NA,1,NA,NA,0,NA,NA,0,NA,NA,0,NA,NA,0,NA,NA,0
"151","C4619",0,0,0,"sunflower and peanuts",0,0.211082,0.146551,0.030189,0.479244,0,0,0,55.01632004,-7.281663254,38.740898,0,0,0,0,0,0,0,0,0,0,0,0,0,0,0,0,0,0,0,0,0,NA,0,0,NA,0,0,NA,0,0,NA,0,0,NA,0,0,NA,0,0,NA,0,0
"152","C8114",0,NA,NA,NA,NA,NA,NA,NA,NA,NA,NA,NA,NA,NA,NA,0,NA,NA,0,NA,NA,0,NA,NA,0,NA,NA,0,NA,NA,0,NA,NA,0,NA,NA,NA,NA,NA,NA,NA,NA,NA,NA,NA,NA,NA,NA,NA,NA,NA,NA,NA,NA,NA,NA,NA
"153","H5758",0,NA,NA,NA,NA,NA,NA,NA,NA,NA,NA,NA,NA,NA,NA,0,NA,NA,0,NA,NA,0,NA,NA,0,NA,NA,0,NA,NA,0,NA,NA,0,NA,NA,0,NA,NA,0,NA,NA,NA,NA,NA,NA,NA,NA,NA,NA,NA,NA,NA,NA,NA,NA,NA
"154","C5010",0,0,0,"sunflower and peanuts",0,0.248377,0.100156,0,0.615972,0,4908.237426,0.035495,54.93509933,-7.220707717,50.355349,0,0,0,0,0,0,0,0,0,0,0,0,0,0,0,0,0,0,0,0,0,NA,0,0,NA,0,0,NA,0,0,NA,NA,0,NA,NA,0,NA,NA,0,NA,NA,0
"155","H2951",0,NA,NA,NA,NA,NA,NA,NA,NA,NA,NA,NA,NA,NA,NA,0,NA,NA,0,NA,NA,0,NA,NA,0,NA,NA,0,NA,NA,0,NA,NA,0,NA,NA,0,NA,NA,0,NA,NA,NA,NA,NA,NA,NA,NA,NA,NA,NA,NA,NA,NA,NA,NA,NA
"156","C5720",0,0,0,"sunflower and peanuts",0,0.088487,0.04969,0.003272,0.485393,0,3824.541896,0.363777,55.02416454,-7.10952902,18.633699,0,0,0,0,0,0,0,0,0,0,0,0,0,0,0,0,0,0,0,0,0,NA,0,0,NA,0,0,NA,0,0,NA,0,0,NA,0,0,NA,0,0,NA,NA,0
"157","H6253",1,NA,NA,NA,NA,NA,NA,NA,NA,NA,NA,NA,NA,NA,NA,1,NA,NA,1,NA,NA,1,NA,NA,1,NA,NA,1,NA,NA,1,NA,NA,1,NA,NA,1,NA,NA,1,NA,NA,1,NA,NA,NA,NA,NA,NA,NA,NA,NA,NA,NA,NA,NA,NA
"158","C6315",0,NA,NA,NA,NA,NA,NA,NA,NA,NA,NA,NA,NA,NA,NA,0,NA,NA,0,NA,NA,0,NA,NA,0,NA,NA,0,NA,NA,0,NA,NA,0,NA,NA,NA,NA,NA,NA,NA,NA,NA,NA,NA,NA,NA,NA,NA,NA,NA,NA,NA,NA,NA,NA,NA
"159","H9133",1,NA,0,"sunflower and peanuts",0.135651,0.141963,0.026637,0.522866,0.118594,0,1035.509195,0.05429,54.23782345,-6.605075886,28.629,1,NA,0,1,NA,0,1,NA,0,1,NA,0,1,NA,0,1,NA,0,1,NA,0,NA,NA,0,NA,NA,0,NA,NA,0,NA,NA,0,NA,NA,0,NA,NA,0,NA,NA,0
"160","H8930",1,NA,1,"sunflower and peanuts",0,0.023484,0.028854,0.223905,0.574008,0.03116,0,0.099187,54.21123121,-6.636628609,27.293501,0,NA,0,0,NA,0,0,NA,0,0,NA,0,0,NA,0,0,NA,0,1,NA,0,NA,NA,0,NA,NA,0,NA,NA,0,NA,NA,0,NA,NA,0,NA,NA,1,NA,NA,1
"161","H4460",0,NA,NA,NA,NA,NA,NA,NA,NA,NA,NA,NA,NA,NA,NA,0,NA,NA,0,NA,NA,0,NA,NA,0,NA,NA,0,NA,NA,0,NA,NA,0,NA,NA,0,NA,NA,0,NA,NA,0,NA,NA,0,NA,NA,0,NA,NA,NA,NA,NA,NA,NA,NA
"162","J1021",1,NA,NA,NA,NA,NA,NA,NA,NA,NA,NA,NA,NA,NA,NA,0,NA,NA,1,NA,NA,0,NA,NA,0,NA,NA,0,NA,NA,0,NA,NA,0,NA,NA,NA,NA,NA,NA,NA,NA,NA,NA,NA,NA,NA,NA,NA,NA,NA,NA,NA,NA,NA,NA,NA
"163","J2828",1,0,1,"sunflower and peanuts",0,0,0,0.072185,0.704404,0.152186,3995.915562,0.032349,54.1850294,-6.040048318,118.432152,0,0,0,0,0,0,0,0,1,1,0,1,1,0,0,1,0,0,NA,0,0,NA,0,0,NA,NA,0,NA,NA,0,NA,NA,0,NA,NA,0,NA,NA,0,NA,NA,1
"164","H3921",1,NA,NA,NA,NA,NA,NA,NA,NA,NA,NA,NA,NA,NA,NA,0,NA,NA,0,NA,NA,0,NA,NA,0,NA,NA,0,NA,NA,1,NA,NA,0,NA,NA,NA,NA,NA,NA,NA,NA,NA,NA,NA,NA,NA,NA,NA,NA,NA,NA,NA,NA,NA,NA,NA
"165","J3875",0,NA,NA,NA,NA,NA,NA,NA,NA,NA,NA,NA,NA,NA,NA,0,NA,NA,0,NA,NA,0,NA,NA,0,NA,NA,0,NA,NA,0,NA,NA,0,NA,NA,0,NA,NA,0,NA,NA,0,NA,NA,NA,NA,NA,NA,NA,NA,NA,NA,NA,NA,NA,NA
"166","H2669",0,0,0,"sunflower and peanuts",0,0.151099,0,0.207931,0.143247,0.221253,4444.483267,0.27647,54.56863513,-7.598774884,40.645766,0,0,0,0,0,0,0,0,0,0,0,0,0,0,0,0,0,0,0,0,0,NA,0,0,NA,0,0,NA,NA,0,NA,NA,0,NA,NA,0,NA,NA,NA,NA,NA,NA
"167","D2922",0,NA,0,"sunflower and peanuts",0,0.045954,0.038794,0.015968,0.75141,0.00772,3897.554862,0.106906,55.02867741,-5.983432021,315.936445,0,NA,0,0,NA,0,0,NA,0,0,NA,0,0,NA,0,0,NA,0,0,NA,0,0,NA,0,NA,NA,0,NA,NA,0,NA,NA,0,NA,NA,0,NA,NA,0,NA,NA,0
"168","C9529",0,NA,1,"sunflower and peanuts",0.070146,0,0,0.668519,0.261335,0,0,0,55.09918134,-6.512563569,31.318701,0,NA,0,0,NA,0,0,NA,0,0,NA,0,0,NA,1,0,NA,0,0,NA,1,NA,NA,0,NA,NA,0,NA,NA,0,NA,NA,0,NA,NA,1,NA,NA,1,NA,NA,1
"169","C8216",0,NA,0,"sunflower and peanuts",0,0.107797,0,0.431514,0.310722,0.024003,1246.804781,0.119115,54.98475533,-6.719878849,4.0467,0,NA,0,0,NA,0,0,NA,0,0,NA,0,0,NA,0,0,NA,0,0,NA,0,NA,NA,0,NA,NA,0,NA,NA,0,NA,NA,0,NA,NA,0,NA,NA,0,NA,NA,0
"170","J0747",0,NA,NA,NA,NA,NA,NA,NA,NA,NA,NA,NA,NA,NA,NA,0,NA,NA,0,NA,NA,0,NA,NA,0,NA,NA,0,NA,NA,0,NA,NA,0,NA,NA,NA,NA,NA,NA,NA,NA,NA,NA,NA,NA,NA,NA,NA,NA,NA,NA,NA,NA,NA,NA,NA
"171","H4738",0,NA,NA,NA,NA,NA,NA,NA,NA,NA,NA,NA,NA,NA,NA,0,NA,NA,0,NA,NA,0,NA,NA,0,NA,NA,0,NA,NA,0,NA,NA,0,NA,NA,NA,NA,NA,NA,NA,NA,NA,NA,NA,NA,NA,NA,NA,NA,NA,NA,NA,NA,NA,NA,NA
"172","H4641",0,NA,NA,NA,NA,NA,NA,NA,NA,NA,NA,NA,NA,NA,NA,0,NA,NA,0,NA,NA,0,NA,NA,0,NA,NA,0,NA,NA,0,NA,NA,0,NA,NA,NA,NA,NA,NA,NA,NA,NA,NA,NA,NA,NA,NA,NA,NA,NA,NA,NA,NA,NA,NA,NA
"173","H9733",0,0,1,"sunflower and peanuts",0,0.033504,0.088237,0.021074,0.688634,0,3033.838926,0.001479,54.23672332,-6.513086982,26.1082,0,0,0,0,0,0,0,0,0,0,0,1,0,0,0,0,0,1,0,0,1,0,0,1,NA,NA,0,NA,NA,1,NA,NA,0,NA,NA,0,NA,NA,0,NA,NA,1
"174","D3011",0,NA,0,"sunflower and peanuts",0,0.119165,0,0.047534,0.743395,0.068045,3984.33583,0.02186,54.92967146,-5.972788635,24.5145,0,NA,0,0,NA,0,0,NA,0,0,NA,0,0,NA,0,0,NA,0,0,NA,0,NA,NA,0,NA,NA,0,NA,NA,0,NA,NA,0,NA,NA,0,NA,NA,0,NA,NA,0
"175","D2910",0,NA,NA,NA,NA,NA,NA,NA,NA,NA,NA,NA,NA,NA,NA,0,NA,NA,0,NA,NA,0,NA,NA,0,NA,NA,0,NA,NA,0,NA,NA,0,NA,NA,0,NA,NA,0,NA,NA,NA,NA,NA,NA,NA,NA,NA,NA,NA,NA,NA,NA,NA,NA,NA
"176","D1821",1,NA,1,"sunflower and peanuts",0.207699,0.056364,0,0.580443,0.040167,0.115327,3720.770537,0,55.02242786,-6.155760004,12.5006,0,NA,0,1,NA,0,0,NA,0,0,NA,0,0,NA,0,0,NA,0,0,NA,0,0,NA,0,0,NA,0,0,NA,0,0,NA,1,0,NA,1,NA,NA,1,NA,NA,0
"177","H1941",1,0,1,"sunflower and peanuts",0,0.067302,0.011194,0.203141,0.707839,0,4085.471692,0.010524,54.31741567,-7.708788791,35.6563,0,0,0,0,0,0,0,0,1,0,0,0,1,0,0,1,0,0,0,0,1,NA,0,0,NA,0,0,NA,0,0,NA,0,0,NA,0,0,NA,NA,0,NA,NA,0
"178","H9916",1,NA,NA,NA,NA,NA,NA,NA,NA,NA,NA,NA,NA,NA,NA,1,NA,NA,0,NA,NA,0,NA,NA,0,NA,NA,1,NA,NA,0,NA,NA,0,NA,NA,NA,NA,NA,NA,NA,NA,NA,NA,NA,NA,NA,NA,NA,NA,NA,NA,NA,NA,NA,NA,NA
"179","H9917",1,NA,1,"sunflower and peanuts",0,0.235667,0.086614,0.13086,0.268447,0.06406,0,0.214351,54.0926512,-6.487676772,15.0852,1,NA,1,1,NA,1,1,NA,1,1,NA,1,1,NA,1,0,NA,1,0,NA,1,NA,NA,1,NA,NA,1,NA,NA,1,NA,NA,1,NA,NA,0,NA,NA,1,NA,NA,0
"180","D2031",0,NA,1,"sunflower and peanuts",0.016122,0.011062,0,0.024432,0.25055,0.631936,9031.847637,0.065898,55.11172584,-6.120302398,40.296749,0,NA,0,0,NA,0,0,NA,1,0,NA,0,0,NA,0,0,NA,0,0,NA,0,0,NA,1,0,NA,0,0,NA,0,0,NA,0,0,NA,0,NA,NA,0,NA,NA,0
"181","H4779",0,NA,NA,NA,NA,NA,NA,NA,NA,NA,NA,NA,NA,NA,NA,0,NA,NA,0,NA,NA,0,NA,NA,0,NA,NA,0,NA,NA,0,NA,NA,0,NA,NA,NA,NA,NA,NA,NA,NA,NA,NA,NA,NA,NA,NA,NA,NA,NA,NA,NA,NA,NA,NA,NA
"182","H6560",0,0,1,"sunflower and peanuts",0,0.176024,0,0,0.758575,0.004422,3319.203199,0.051304,54.48429597,-6.997869719,11.0411,0,0,1,0,0,0,0,0,0,0,0,0,0,0,0,0,0,0,0,0,1,0,0,0,0,NA,0,0,NA,0,0,NA,0,0,NA,0,NA,NA,0,NA,NA,0
"183","C7703",0,NA,NA,NA,NA,NA,NA,NA,NA,NA,NA,NA,NA,NA,NA,0,NA,NA,0,NA,NA,0,NA,NA,0,NA,NA,0,NA,NA,0,NA,NA,0,NA,NA,0,NA,NA,NA,NA,NA,NA,NA,NA,NA,NA,NA,NA,NA,NA,NA,NA,NA,NA,NA,NA
"184","J4099",0,NA,NA,NA,NA,NA,NA,NA,NA,NA,NA,NA,NA,NA,NA,0,NA,NA,0,NA,NA,0,NA,NA,0,NA,NA,0,NA,NA,0,NA,NA,0,NA,NA,0,NA,NA,0,NA,NA,0,NA,NA,NA,NA,NA,NA,NA,NA,NA,NA,NA,NA,NA,NA
"185","H6894",0,0,NA,NA,NA,NA,NA,NA,NA,NA,NA,NA,NA,NA,NA,0,0,NA,0,0,NA,0,0,NA,0,0,NA,0,0,NA,0,0,NA,0,0,NA,NA,0,NA,NA,0,NA,NA,0,NA,NA,NA,NA,NA,NA,NA,NA,NA,NA,NA,NA,NA
"186","H4782",0,NA,0,"sunflower and peanuts",0,0.143515,0.02392,0.076592,0.616798,0,4102.527128,0.139176,54.68389275,-7.272043767,11.0411,0,NA,0,0,NA,0,0,NA,0,0,NA,0,0,NA,0,0,NA,0,0,NA,0,NA,NA,0,NA,NA,0,NA,NA,0,NA,NA,0,NA,NA,0,NA,NA,0,NA,NA,0
"187","H2722",0,NA,0,"sunflower and peanuts",0,0.04386,0.203421,0.021451,0.583593,0.014551,4207.216486,0.077514,54.14637096,-7.587569356,27.9857,0,NA,0,0,NA,0,0,NA,0,0,NA,0,0,NA,0,0,NA,0,0,NA,0,NA,NA,0,NA,NA,0,NA,NA,0,NA,NA,0,NA,NA,0,NA,NA,0,NA,NA,0
"188","C7815",0,NA,1,"sunflower and peanuts",0,0.030734,0,0.482731,0.144919,0.187369,174.031052,0.154248,54.97641639,-6.782616188,54.608501,0,NA,0,0,NA,0,0,NA,0,0,NA,0,0,NA,0,0,NA,0,0,NA,0,0,NA,0,0,NA,1,0,NA,1,0,NA,1,0,NA,1,NA,NA,1,NA,NA,1
"189","H9740",0,NA,1,"sunflower and peanuts",0,0.014012,0.02037,0.374219,0.553653,0.037746,1671.373941,0,54.29958729,-6.510821681,2515.23271,0,NA,0,0,NA,0,0,NA,0,0,NA,0,0,NA,1,0,NA,1,0,NA,0,0,NA,1,0,NA,1,0,NA,1,0,NA,1,0,NA,0,NA,NA,1,NA,NA,1
"190","J1064",0,NA,NA,NA,NA,NA,NA,NA,NA,NA,NA,NA,NA,NA,NA,0,NA,NA,0,NA,NA,0,NA,NA,0,NA,NA,0,NA,NA,0,NA,NA,0,NA,NA,NA,NA,NA,NA,NA,NA,NA,NA,NA,NA,NA,NA,NA,NA,NA,NA,NA,NA,NA,NA,NA
"191","J5383",0,NA,NA,NA,NA,NA,NA,NA,NA,NA,NA,NA,NA,NA,NA,0,NA,NA,0,NA,NA,0,NA,NA,0,NA,NA,0,NA,NA,0,NA,NA,0,NA,NA,NA,NA,NA,NA,NA,NA,NA,NA,NA,NA,NA,NA,NA,NA,NA,NA,NA,NA,NA,NA,NA
"192","J2460",0,NA,NA,NA,NA,NA,NA,NA,NA,NA,NA,NA,NA,NA,NA,0,NA,NA,0,NA,NA,0,NA,NA,0,NA,NA,0,NA,NA,0,NA,NA,0,NA,NA,NA,NA,NA,NA,NA,NA,NA,NA,NA,NA,NA,NA,NA,NA,NA,NA,NA,NA,NA,NA,NA
"193","C9032",0,NA,NA,NA,NA,NA,NA,NA,NA,NA,NA,NA,NA,NA,NA,0,NA,NA,0,NA,NA,0,NA,NA,0,NA,NA,0,NA,NA,0,NA,NA,0,NA,NA,NA,NA,NA,NA,NA,NA,NA,NA,NA,NA,NA,NA,NA,NA,NA,NA,NA,NA,NA,NA,NA
"194","J4643",1,NA,1,"sunflower and peanuts",0,0.079683,0.02167,0.286391,0.489668,0.070189,3700.463766,0.052397,54.31488032,-5.75724608,60.9405,0,NA,0,0,NA,0,0,NA,0,1,NA,0,1,NA,0,0,NA,0,0,NA,0,NA,NA,0,NA,NA,0,NA,NA,0,NA,NA,0,NA,NA,1,NA,NA,1,NA,NA,1
"195","H8390",0,NA,NA,NA,NA,NA,NA,NA,NA,NA,NA,NA,NA,NA,NA,0,NA,NA,0,NA,NA,0,NA,NA,0,NA,NA,0,NA,NA,0,NA,NA,0,NA,NA,NA,NA,NA,NA,NA,NA,NA,NA,NA,NA,NA,NA,NA,NA,NA,NA,NA,NA,NA,NA,NA
"196","C9839",1,NA,0,"sunflower and peanuts",0.102947,0.024156,0,0.298922,0.550851,0.018815,1529.412112,0.004309,55.18838911,-6.462136125,63.741052,1,NA,0,0,NA,0,0,NA,0,0,NA,0,0,NA,0,1,NA,0,1,NA,0,0,NA,0,0,NA,0,0,NA,0,0,NA,0,1,NA,0,NA,NA,0,NA,NA,0
"197","C5219",0,0,NA,NA,NA,NA,NA,NA,NA,NA,NA,NA,NA,NA,NA,0,0,NA,0,0,NA,0,0,NA,0,0,NA,0,0,NA,0,0,NA,0,0,NA,0,0,NA,0,0,NA,NA,0,NA,NA,0,NA,NA,0,NA,NA,0,NA,NA,0,NA
"198","J1817",1,1,1,"sunflower and peanuts",0,0.620929,0.083157,0.145153,0.042974,0.017128,688.675161,0.039533,54.0886515,-6.1974362,24.2816,1,0,0,1,0,0,0,0,0,0,0,0,1,0,1,0,0,1,0,0,1,0,0,1,0,1,1,0,0,1,0,NA,1,0,NA,1,NA,NA,1,NA,NA,0
"199","H0977",0,NA,NA,NA,NA,NA,NA,NA,NA,NA,NA,NA,NA,NA,NA,0,NA,NA,0,NA,NA,0,NA,NA,0,NA,NA,0,NA,NA,0,NA,NA,0,NA,NA,NA,NA,NA,NA,NA,NA,NA,NA,NA,NA,NA,NA,NA,NA,NA,NA,NA,NA,NA,NA,NA
"200","J2998",0,NA,NA,NA,NA,NA,NA,NA,NA,NA,NA,NA,NA,NA,NA,0,NA,NA,0,NA,NA,0,NA,NA,0,NA,NA,0,NA,NA,0,NA,NA,0,NA,NA,NA,NA,NA,NA,NA,NA,NA,NA,NA,NA,NA,NA,NA,NA,NA,NA,NA,NA,NA,NA,NA
"201","J4772",0,0,0,"sunflower and peanuts",0,0.158612,0.030411,0.092103,0.349068,0.179846,0,0.185983,54.57490672,-5.727516238,42.155949,0,0,0,0,0,0,0,0,0,0,0,0,0,0,0,0,0,0,0,0,0,NA,0,0,NA,NA,0,NA,NA,0,NA,NA,0,NA,NA,0,NA,NA,0,NA,NA,0
"202","J1748",0,NA,NA,NA,NA,NA,NA,NA,NA,NA,NA,NA,NA,NA,NA,0,NA,NA,0,NA,NA,0,NA,NA,0,NA,NA,0,NA,NA,0,NA,NA,0,NA,NA,0,NA,NA,0,NA,NA,0,NA,NA,0,NA,NA,0,NA,NA,NA,NA,NA,NA,NA,NA
"203","H1645",0,NA,1,"sunflower and peanuts",0.046438,0.084534,0.027288,0.070643,0.750062,0,4254.635321,0.021036,54.35345194,-7.754672581,65.020701,0,NA,0,0,NA,0,0,NA,0,0,NA,0,0,NA,0,0,NA,0,0,NA,0,NA,NA,0,NA,NA,1,NA,NA,1,NA,NA,1,NA,NA,1,NA,NA,0,NA,NA,1
"204","D0436",0,0,0,"sunflower and peanuts",0.005813,0,0.016218,0.471968,0.405761,0.060521,0,0.03972,55.16022915,-6.369077096,51.012751,0,0,0,0,0,0,0,0,0,0,0,0,0,0,0,0,0,0,0,0,0,0,0,0,0,0,0,0,0,0,0,NA,0,NA,NA,0,NA,NA,0,NA,NA,0
"205","H3932",1,NA,NA,NA,NA,NA,NA,NA,NA,NA,NA,NA,NA,NA,NA,0,NA,NA,0,NA,NA,0,NA,NA,1,NA,NA,0,NA,NA,0,NA,NA,0,NA,NA,NA,NA,NA,NA,NA,NA,NA,NA,NA,NA,NA,NA,NA,NA,NA,NA,NA,NA,NA,NA,NA
"206","H3527",0,NA,NA,NA,NA,NA,NA,NA,NA,NA,NA,NA,NA,NA,NA,0,NA,NA,0,NA,NA,0,NA,NA,0,NA,NA,0,NA,NA,0,NA,NA,0,NA,NA,NA,NA,NA,NA,NA,NA,NA,NA,NA,NA,NA,NA,NA,NA,NA,NA,NA,NA,NA,NA,NA
"207","D3500",0,NA,NA,NA,NA,NA,NA,NA,NA,NA,NA,NA,NA,NA,NA,0,NA,NA,0,NA,NA,0,NA,NA,0,NA,NA,0,NA,NA,0,NA,NA,0,NA,NA,NA,NA,NA,NA,NA,NA,NA,NA,NA,NA,NA,NA,NA,NA,NA,NA,NA,NA,NA,NA,NA
"208","H8047",0,NA,NA,NA,NA,NA,NA,NA,NA,NA,NA,NA,NA,NA,NA,0,NA,NA,0,NA,NA,0,NA,NA,0,NA,NA,0,NA,NA,0,NA,NA,0,NA,NA,NA,NA,NA,NA,NA,NA,NA,NA,NA,NA,NA,NA,NA,NA,NA,NA,NA,NA,NA,NA,NA
"209","H5454",0,0,1,"sunflower and peanuts",0,0.088401,0,0.127699,0.769215,0,576.845121,0.004935,54.43168993,-7.168658963,48.889502,0,0,0,0,0,0,0,0,0,0,0,1,0,0,0,0,0,0,0,0,1,0,0,0,0,0,0,0,0,1,NA,0,0,NA,0,0,NA,0,0,NA,0,1
"210","J3361",0,NA,NA,NA,NA,NA,NA,NA,NA,NA,NA,NA,NA,NA,NA,0,NA,NA,0,NA,NA,0,NA,NA,0,NA,NA,0,NA,NA,0,NA,NA,0,NA,NA,NA,NA,NA,NA,NA,NA,NA,NA,NA,NA,NA,NA,NA,NA,NA,NA,NA,NA,NA,NA,NA
"211","H2730",0,NA,NA,NA,NA,NA,NA,NA,NA,NA,NA,NA,NA,NA,NA,0,NA,NA,0,NA,NA,0,NA,NA,0,NA,NA,0,NA,NA,0,NA,NA,0,NA,NA,NA,NA,NA,NA,NA,NA,NA,NA,NA,NA,NA,NA,NA,NA,NA,NA,NA,NA,NA,NA,NA
"212","H3994",0,NA,NA,NA,NA,NA,NA,NA,NA,NA,NA,NA,NA,NA,NA,0,NA,NA,0,NA,NA,0,NA,NA,0,NA,NA,0,NA,NA,0,NA,NA,0,NA,NA,0,NA,NA,0,NA,NA,0,NA,NA,0,NA,NA,0,NA,NA,NA,NA,NA,NA,NA,NA
"213","J3973",0,NA,NA,NA,NA,NA,NA,NA,NA,NA,NA,NA,NA,NA,NA,0,NA,NA,0,NA,NA,0,NA,NA,0,NA,NA,0,NA,NA,0,NA,NA,0,NA,NA,0,NA,NA,0,NA,NA,0,NA,NA,0,NA,NA,NA,NA,NA,NA,NA,NA,NA,NA,NA
"214","H2766",0,NA,NA,NA,NA,NA,NA,NA,NA,NA,NA,NA,NA,NA,NA,0,NA,NA,0,NA,NA,0,NA,NA,0,NA,NA,0,NA,NA,0,NA,NA,0,NA,NA,NA,NA,NA,NA,NA,NA,NA,NA,NA,NA,NA,NA,NA,NA,NA,NA,NA,NA,NA,NA,NA
"215","C4500",0,NA,NA,NA,NA,NA,NA,NA,NA,NA,NA,NA,NA,NA,NA,0,NA,NA,0,NA,NA,0,NA,NA,0,NA,NA,0,NA,NA,0,NA,NA,0,NA,NA,NA,NA,NA,NA,NA,NA,NA,NA,NA,NA,NA,NA,NA,NA,NA,NA,NA,NA,NA,NA,NA
"216","C4806",1,NA,NA,NA,NA,NA,NA,NA,NA,NA,NA,NA,NA,NA,NA,0,NA,NA,0,NA,NA,0,NA,NA,1,NA,NA,1,NA,NA,0,NA,NA,1,NA,NA,NA,NA,NA,NA,NA,NA,NA,NA,NA,NA,NA,NA,NA,NA,NA,NA,NA,NA,NA,NA,NA
"217","J2968",0,NA,NA,NA,NA,NA,NA,NA,NA,NA,NA,NA,NA,NA,NA,0,NA,NA,0,NA,NA,0,NA,NA,0,NA,NA,0,NA,NA,0,NA,NA,0,NA,NA,0,NA,NA,0,NA,NA,NA,NA,NA,NA,NA,NA,NA,NA,NA,NA,NA,NA,NA,NA,NA
"218","C3602",0,NA,NA,NA,NA,NA,NA,NA,NA,NA,NA,NA,NA,NA,NA,0,NA,NA,0,NA,NA,0,NA,NA,0,NA,NA,0,NA,NA,0,NA,NA,0,NA,NA,NA,NA,NA,NA,NA,NA,NA,NA,NA,NA,NA,NA,NA,NA,NA,NA,NA,NA,NA,NA,NA
"219","H7545",0,NA,NA,NA,NA,NA,NA,NA,NA,NA,NA,NA,NA,NA,NA,0,NA,NA,0,NA,NA,0,NA,NA,0,NA,NA,0,NA,NA,0,NA,NA,0,NA,NA,NA,NA,NA,NA,NA,NA,NA,NA,NA,NA,NA,NA,NA,NA,NA,NA,NA,NA,NA,NA,NA
"220","H4193",0,2,0,"sunflower and peanuts",0,0.0042,0,0.236782,0.140781,0.114873,4857.618894,0.503364,54.78322195,-7.363515384,205.990032,0,1,0,0,0,0,0,0,0,0,0,0,0,0,0,0,0,0,0,1,0,NA,0,0,NA,0,0,NA,0,0,NA,NA,0,NA,NA,0,NA,NA,0,NA,NA,0
"221","H4826",0,NA,0,"sunflower and peanuts",0.010926,0.235832,0.014287,0.050219,0.501845,0,493.451213,0.160368,54.18077259,-7.265597665,23.3515,0,NA,0,0,NA,0,0,NA,0,0,NA,0,0,NA,0,0,NA,0,0,NA,0,NA,NA,0,NA,NA,0,NA,NA,0,NA,NA,0,NA,NA,0,NA,NA,0,NA,NA,0
"222","H7982",0,NA,0,"sunflower and peanuts",0,0.211642,0,0.199037,0.53931,0,3826.105732,0.05001,54.67989605,-6.776004409,42.565901,0,NA,0,0,NA,0,0,NA,0,0,NA,0,0,NA,0,0,NA,0,0,NA,0,0,NA,0,NA,NA,0,NA,NA,0,NA,NA,0,NA,NA,0,NA,NA,0,NA,NA,0
"223","H8081",0,NA,0,"sunflower and peanuts",0,0.085471,0,0.102009,0.764206,0.007389,3564.114301,0.021448,54.67075755,-6.760778948,15.2986,0,NA,0,0,NA,0,0,NA,0,0,NA,0,0,NA,0,0,NA,0,0,NA,0,NA,NA,0,NA,NA,0,NA,NA,0,NA,NA,0,NA,NA,0,NA,NA,0,NA,NA,0
"224","J0118",1,NA,NA,NA,NA,NA,NA,NA,NA,NA,NA,NA,NA,NA,NA,0,NA,NA,1,NA,NA,0,NA,NA,0,NA,NA,1,NA,NA,0,NA,NA,1,NA,NA,NA,NA,NA,NA,NA,NA,NA,NA,NA,NA,NA,NA,NA,NA,NA,NA,NA,NA,NA,NA,NA
"225","H2171",0,NA,0,"sunflower and peanuts",0.020294,0.054393,0,0.054828,0.041506,0.405897,4696.364728,0.423083,54.58683295,-7.675933166,13.0399,0,NA,0,0,NA,0,0,NA,0,0,NA,0,0,NA,0,0,NA,0,0,NA,0,0,NA,0,NA,NA,NA,NA,NA,NA,NA,NA,NA,NA,NA,NA,NA,NA,NA,NA,NA,NA
"226","H9152",0,NA,0,"sunflower and peanuts",0,0.246018,0.046245,0.04119,0.446793,0.019948,2248.080967,0.192902,54.40845946,-6.599288175,822.039981,0,NA,0,0,NA,0,0,NA,0,0,NA,0,0,NA,0,0,NA,0,0,NA,0,NA,NA,0,NA,NA,0,NA,NA,0,NA,NA,0,NA,NA,0,NA,NA,0,NA,NA,0
"227","J1042",0,0,0,"sunflower and peanuts",0,0.064147,0.204609,0,0.549947,0.013831,965.214341,0.145504,54.31491615,-6.310495863,38.55855,0,0,0,0,0,0,0,0,0,0,0,0,0,0,0,0,0,0,0,0,0,NA,0,0,NA,0,0,NA,NA,0,NA,NA,0,NA,NA,0,NA,NA,0,NA,NA,0
"228","C5812",0,NA,NA,NA,NA,NA,NA,NA,NA,NA,NA,NA,NA,NA,NA,0,NA,NA,0,NA,NA,0,NA,NA,0,NA,NA,0,NA,NA,0,NA,NA,0,NA,NA,NA,NA,NA,NA,NA,NA,NA,NA,NA,NA,NA,NA,NA,NA,NA,NA,NA,NA,NA,NA,NA
"229","J4298",0,NA,NA,NA,NA,NA,NA,NA,NA,NA,NA,NA,NA,NA,NA,0,NA,NA,0,NA,NA,0,NA,NA,0,NA,NA,0,NA,NA,0,NA,NA,0,NA,NA,NA,NA,NA,NA,NA,NA,NA,NA,NA,NA,NA,NA,NA,NA,NA,NA,NA,NA,NA,NA,NA
"230","H0758",1,NA,NA,NA,NA,NA,NA,NA,NA,NA,NA,NA,NA,NA,NA,1,NA,NA,1,NA,NA,1,NA,NA,1,NA,NA,1,NA,NA,1,NA,NA,1,NA,NA,NA,NA,NA,NA,NA,NA,NA,NA,NA,NA,NA,NA,NA,NA,NA,NA,NA,NA,NA,NA,NA
"231","J3167",0,NA,NA,NA,NA,NA,NA,NA,NA,NA,NA,NA,NA,NA,NA,0,NA,NA,0,NA,NA,0,NA,NA,0,NA,NA,0,NA,NA,0,NA,NA,0,NA,NA,NA,NA,NA,NA,NA,NA,NA,NA,NA,NA,NA,NA,NA,NA,NA,NA,NA,NA,NA,NA,NA
"232","J3168",0,NA,NA,NA,NA,NA,NA,NA,NA,NA,NA,NA,NA,NA,NA,0,NA,NA,0,NA,NA,0,NA,NA,0,NA,NA,0,NA,NA,0,NA,NA,0,NA,NA,NA,NA,NA,NA,NA,NA,NA,NA,NA,NA,NA,NA,NA,NA,NA,NA,NA,NA,NA,NA,NA
"233","D0536",0,NA,NA,NA,NA,NA,NA,NA,NA,NA,NA,NA,NA,NA,NA,0,NA,NA,0,NA,NA,0,NA,NA,0,NA,NA,0,NA,NA,0,NA,NA,0,NA,NA,NA,NA,NA,NA,NA,NA,NA,NA,NA,NA,NA,NA,NA,NA,NA,NA,NA,NA,NA,NA,NA
"234","J2966",0,NA,NA,NA,NA,NA,NA,NA,NA,NA,NA,NA,NA,NA,NA,0,NA,NA,0,NA,NA,0,NA,NA,0,NA,NA,0,NA,NA,0,NA,NA,0,NA,NA,NA,NA,NA,NA,NA,NA,NA,NA,NA,NA,NA,NA,NA,NA,NA,NA,NA,NA,NA,NA,NA
"235","H1081",1,NA,1,"sunflower and peanuts",0.510022,0.015383,0,0.151915,0.01708,0.107362,3689.57601,0.198238,54.67699964,-7.845732816,41.886433,0,NA,0,0,NA,0,0,NA,0,0,NA,0,0,NA,0,0,NA,0,1,NA,0,0,NA,0,NA,NA,1,NA,NA,1,NA,NA,1,NA,NA,1,NA,NA,1,NA,NA,1
"236","J3268",0,NA,NA,NA,NA,NA,NA,NA,NA,NA,NA,NA,NA,NA,NA,0,NA,NA,0,NA,NA,0,NA,NA,0,NA,NA,0,NA,NA,0,NA,NA,0,NA,NA,NA,NA,NA,NA,NA,NA,NA,NA,NA,NA,NA,NA,NA,NA,NA,NA,NA,NA,NA,NA,NA
"237","D0134",0,NA,0,"sunflower and peanuts",0,0.025675,0.012083,0.014302,0.86766,0.08028,2226.134674,0,55.14289198,-6.416835903,4484.840955,0,NA,0,0,NA,0,0,NA,0,0,NA,0,0,NA,0,0,NA,0,0,NA,0,NA,NA,0,NA,NA,0,NA,NA,0,NA,NA,0,NA,NA,0,NA,NA,0,NA,NA,0
"238","J5571",0,NA,0,"sunflower and peanuts",0,0.000194,0.025161,0.058928,0.773675,0.015555,707.038238,0.126487,54.56354591,-5.604446601,44.381749,0,NA,0,0,NA,0,0,NA,0,0,NA,0,0,NA,0,0,NA,0,0,NA,0,NA,NA,0,NA,NA,0,NA,NA,0,NA,NA,0,NA,NA,0,NA,NA,0,NA,NA,0
"239","J5471",0,NA,NA,NA,NA,NA,NA,NA,NA,NA,NA,NA,NA,NA,NA,0,NA,NA,0,NA,NA,0,NA,NA,0,NA,NA,0,NA,NA,0,NA,NA,0,NA,NA,NA,NA,NA,NA,NA,NA,NA,NA,NA,NA,NA,NA,NA,NA,NA,NA,NA,NA,NA,NA,NA
"240","C8530",0,NA,NA,NA,NA,NA,NA,NA,NA,NA,NA,NA,NA,NA,NA,0,NA,NA,0,NA,NA,0,NA,NA,0,NA,NA,0,NA,NA,0,NA,NA,0,NA,NA,0,NA,NA,NA,NA,NA,NA,NA,NA,NA,NA,NA,NA,NA,NA,NA,NA,NA,NA,NA,NA
"241","J5668",0,NA,1,"sunflower and peanuts",0,0.039188,0.027456,0.104387,0.6867,0.035017,669.613182,0.10356,54.53631328,-5.590590169,15.4466,0,NA,1,0,NA,0,0,NA,0,0,NA,0,0,NA,0,0,NA,0,0,NA,0,NA,NA,1,NA,NA,0,NA,NA,0,NA,NA,0,NA,NA,0,NA,NA,0,NA,NA,0
"242","H1772",0,NA,1,"sunflower and peanuts",0,0.110602,0,0.38765,0.140331,0,1859.495767,0.361417,54.59596599,-7.737744078,656.189757,0,NA,0,0,NA,0,0,NA,1,0,NA,0,0,NA,0,0,NA,0,0,NA,0,NA,NA,0,NA,NA,0,NA,NA,0,NA,NA,0,NA,NA,1,NA,NA,1,NA,NA,0
"243","D0539",0,NA,NA,NA,NA,NA,NA,NA,NA,NA,NA,NA,NA,NA,NA,0,NA,NA,0,NA,NA,0,NA,NA,0,NA,NA,0,NA,NA,0,NA,NA,0,NA,NA,0,NA,NA,0,NA,NA,0,NA,NA,0,NA,NA,0,NA,NA,NA,NA,NA,NA,NA,NA
"244","D0538",0,NA,NA,NA,NA,NA,NA,NA,NA,NA,NA,NA,NA,NA,NA,0,NA,NA,0,NA,NA,0,NA,NA,0,NA,NA,0,NA,NA,0,NA,NA,0,NA,NA,NA,NA,NA,NA,NA,NA,NA,NA,NA,NA,NA,NA,NA,NA,NA,NA,NA,NA,NA,NA,NA
"245","D0237",0,NA,NA,NA,NA,NA,NA,NA,NA,NA,NA,NA,NA,NA,NA,0,NA,NA,0,NA,NA,0,NA,NA,0,NA,NA,0,NA,NA,0,NA,NA,0,NA,NA,NA,NA,NA,NA,NA,NA,NA,NA,NA,NA,NA,NA,NA,NA,NA,NA,NA,NA,NA,NA,NA
"246","D0138",0,0,0,"sunflower and peanuts",0.159328,0.003583,0,0.185827,0.636305,0.013972,0,0.000985,55.17880732,-6.415411911,16.74275,0,0,0,0,0,0,0,0,0,0,0,0,0,0,0,0,0,0,0,0,0,NA,0,0,NA,0,0,NA,0,0,NA,0,0,NA,0,0,NA,0,0,NA,0,0
"247","H7399",0,NA,NA,NA,NA,NA,NA,NA,NA,NA,NA,NA,NA,NA,NA,0,NA,NA,0,NA,NA,0,NA,NA,0,NA,NA,0,NA,NA,0,NA,NA,0,NA,NA,NA,NA,NA,NA,NA,NA,NA,NA,NA,NA,NA,NA,NA,NA,NA,NA,NA,NA,NA,NA,NA
"248","H9394",0,NA,NA,NA,NA,NA,NA,NA,NA,NA,NA,NA,NA,NA,NA,0,NA,NA,0,NA,NA,0,NA,NA,0,NA,NA,0,NA,NA,0,NA,NA,0,NA,NA,0,NA,NA,0,NA,NA,0,NA,NA,0,NA,NA,0,NA,NA,NA,NA,NA,NA,NA,NA
"249","H9154",0,NA,NA,NA,NA,NA,NA,NA,NA,NA,NA,NA,NA,NA,NA,0,NA,NA,0,NA,NA,0,NA,NA,0,NA,NA,0,NA,NA,0,NA,NA,0,NA,NA,0,NA,NA,0,NA,NA,0,NA,NA,0,NA,NA,0,NA,NA,NA,NA,NA,NA,NA,NA
"250","H1563",0,NA,NA,NA,NA,NA,NA,NA,NA,NA,NA,NA,NA,NA,NA,0,NA,NA,0,NA,NA,0,NA,NA,0,NA,NA,0,NA,NA,0,NA,NA,0,NA,NA,NA,NA,NA,NA,NA,NA,NA,NA,NA,NA,NA,NA,NA,NA,NA,NA,NA,NA,NA,NA,NA
"251","C5218",0,0,0,"sunflower and peanuts",0,0.173271,0.027983,0.031339,0.767407,0,5081.390078,0,55.00674844,-7.188060525,13.37446,0,0,0,0,0,0,0,0,0,0,0,0,0,0,0,0,0,0,0,0,0,0,0,0,0,0,0,NA,0,0,NA,0,0,NA,0,0,NA,NA,0,NA,NA,0
"252","J0018",0,NA,NA,NA,NA,NA,NA,NA,NA,NA,NA,NA,NA,NA,NA,0,NA,NA,0,NA,NA,0,NA,NA,0,NA,NA,0,NA,NA,0,NA,NA,0,NA,NA,NA,NA,NA,NA,NA,NA,NA,NA,NA,NA,NA,NA,NA,NA,NA,NA,NA,NA,NA,NA,NA
"253","H5141",0,0,0,"sunflower and peanuts",0.028844,0.075859,0,0.741012,0.035227,0.021062,4271.566085,0.097995,54.31522549,-7.217106932,17.77974,0,0,0,0,0,0,0,0,0,0,0,0,0,0,0,0,0,0,0,0,0,NA,0,0,NA,NA,0,NA,NA,0,NA,NA,0,NA,NA,0,NA,NA,0,NA,NA,0
"254","H1979",0,NA,NA,NA,NA,NA,NA,NA,NA,NA,NA,NA,NA,NA,NA,0,NA,NA,0,NA,NA,0,NA,NA,0,NA,NA,0,NA,NA,0,NA,NA,0,NA,NA,0,NA,NA,NA,NA,NA,NA,NA,NA,NA,NA,NA,NA,NA,NA,NA,NA,NA,NA,NA,NA
"255","D1842",0,NA,NA,NA,NA,NA,NA,NA,NA,NA,NA,NA,NA,NA,NA,0,NA,NA,0,NA,NA,0,NA,NA,0,NA,NA,0,NA,NA,0,NA,NA,0,NA,NA,NA,NA,NA,NA,NA,NA,NA,NA,NA,NA,NA,NA,NA,NA,NA,NA,NA,NA,NA,NA,NA
"256","J4135",0,NA,0,"sunflower and peanuts",0,0.047909,0.020037,0.010285,0.00822,0.254312,0,0.18818,54.24446653,-5.837782437,90.951234,0,NA,0,0,NA,0,0,NA,0,0,NA,0,0,NA,0,0,NA,0,0,NA,0,NA,NA,0,NA,NA,0,NA,NA,0,NA,NA,0,NA,NA,0,NA,NA,0,NA,NA,0
"257","J4035",0,NA,0,"sunflower and peanuts",0,0.038027,0.088709,0,0.095941,0.085575,0,0.028938,54.24474066,-5.85311064,118.184998,0,NA,0,0,NA,0,0,NA,0,0,NA,0,0,NA,0,0,NA,0,0,NA,0,NA,NA,0,NA,NA,0,NA,NA,0,NA,NA,0,NA,NA,0,NA,NA,0,NA,NA,0
"258","J1220",0,NA,NA,NA,NA,NA,NA,NA,NA,NA,NA,NA,NA,NA,NA,0,NA,NA,0,NA,NA,0,NA,NA,0,NA,NA,0,NA,NA,0,NA,NA,0,NA,NA,NA,NA,NA,NA,NA,NA,NA,NA,NA,NA,NA,NA,NA,NA,NA,NA,NA,NA,NA,NA,NA
"259","H2456",0,NA,NA,NA,NA,NA,NA,NA,NA,NA,NA,NA,NA,NA,NA,0,NA,NA,0,NA,NA,0,NA,NA,0,NA,NA,0,NA,NA,0,NA,NA,0,NA,NA,0,NA,NA,NA,NA,NA,NA,NA,NA,NA,NA,NA,NA,NA,NA,NA,NA,NA,NA,NA,NA
"260","H2356",0,0,0,"sunflower and peanuts",0.007296,0.278897,0.006899,0.209292,0.473511,0.008086,3346.183263,0.016019,54.4520003,-7.646167006,49.155701,0,0,0,0,0,0,0,0,0,0,0,0,0,0,0,0,0,0,0,0,0,NA,0,0,NA,0,0,NA,NA,0,NA,NA,0,NA,NA,0,NA,NA,0,NA,NA,0
"261","C5211",0,0,0,"sunflower and peanuts",0.058867,0.255661,0.005453,0.040176,0.617831,0.022012,3932.898853,0,54.94387694,-7.18932863,94.808098,0,0,0,0,0,0,0,0,0,0,0,0,0,0,0,0,0,0,0,0,0,NA,0,0,NA,0,0,NA,0,0,NA,NA,0,NA,NA,0,NA,NA,0,NA,NA,0
"262","J3269",0,NA,NA,NA,NA,NA,NA,NA,NA,NA,NA,NA,NA,NA,NA,0,NA,NA,0,NA,NA,0,NA,NA,0,NA,NA,0,NA,NA,0,NA,NA,0,NA,NA,NA,NA,NA,NA,NA,NA,NA,NA,NA,NA,NA,NA,NA,NA,NA,NA,NA,NA,NA,NA,NA
"263","J5952",0,NA,NA,NA,NA,NA,NA,NA,NA,NA,NA,NA,NA,NA,NA,0,NA,NA,0,NA,NA,0,NA,NA,0,NA,NA,0,NA,NA,0,NA,NA,0,NA,NA,NA,NA,NA,NA,NA,NA,NA,NA,NA,NA,NA,NA,NA,NA,NA,NA,NA,NA,NA,NA,NA
"264","J5951",0,NA,0,"sunflower and peanuts",0,0.068294,0.201617,0.120073,0.573277,0.005563,1868.575574,0.031177,54.38280502,-5.553411157,6777.00166,0,NA,0,0,NA,0,0,NA,0,0,NA,0,0,NA,0,0,NA,0,0,NA,0,0,NA,0,NA,NA,0,NA,NA,0,NA,NA,0,NA,NA,0,NA,NA,0,NA,NA,0
"265","H4676",0,NA,NA,NA,NA,NA,NA,NA,NA,NA,NA,NA,NA,NA,NA,0,NA,NA,0,NA,NA,0,NA,NA,0,NA,NA,0,NA,NA,0,NA,NA,0,NA,NA,0,NA,NA,NA,NA,NA,NA,NA,NA,NA,NA,NA,NA,NA,NA,NA,NA,NA,NA,NA,NA
"266","H4196",0,NA,NA,NA,NA,NA,NA,NA,NA,NA,NA,NA,NA,NA,NA,0,NA,NA,0,NA,NA,0,NA,NA,0,NA,NA,0,NA,NA,0,NA,NA,0,NA,NA,0,NA,NA,0,NA,NA,0,NA,NA,0,NA,NA,0,NA,NA,NA,NA,NA,NA,NA,NA
"267","J0461",0,NA,NA,NA,NA,NA,NA,NA,NA,NA,NA,NA,NA,NA,NA,0,NA,NA,0,NA,NA,0,NA,NA,0,NA,NA,0,NA,NA,0,NA,NA,0,NA,NA,0,NA,NA,0,NA,NA,NA,NA,NA,NA,NA,NA,NA,NA,NA,NA,NA,NA,NA,NA,NA
"268","H7362",0,NA,NA,NA,NA,NA,NA,NA,NA,NA,NA,NA,NA,NA,NA,0,NA,NA,0,NA,NA,0,NA,NA,0,NA,NA,0,NA,NA,0,NA,NA,0,NA,NA,0,NA,NA,NA,NA,NA,NA,NA,NA,NA,NA,NA,NA,NA,NA,NA,NA,NA,NA,NA,NA
"269","H8960",0,NA,NA,NA,NA,NA,NA,NA,NA,NA,NA,NA,NA,NA,NA,0,NA,NA,0,NA,NA,0,NA,NA,0,NA,NA,0,NA,NA,0,NA,NA,0,NA,NA,0,NA,NA,NA,NA,NA,NA,NA,NA,NA,NA,NA,NA,NA,NA,NA,NA,NA,NA,NA,NA
"270","H7073",0,NA,1,"sunflower and peanuts",0,0.030624,0,0.115891,0.81961,0.001575,4017.740244,0.02578,54.60039239,-6.917652888,28.46495,0,NA,0,0,NA,1,0,NA,1,0,NA,1,0,NA,1,0,NA,1,0,NA,1,NA,NA,1,NA,NA,1,NA,NA,1,NA,NA,1,NA,NA,0,NA,NA,0,NA,NA,0
"271","H2044",1,NA,NA,NA,NA,NA,NA,NA,NA,NA,NA,NA,NA,NA,NA,0,NA,NA,1,NA,NA,1,NA,NA,1,NA,NA,1,NA,NA,1,NA,NA,0,NA,NA,NA,NA,NA,NA,NA,NA,NA,NA,NA,NA,NA,NA,NA,NA,NA,NA,NA,NA,NA,NA,NA
"272","J4846",0,NA,NA,NA,NA,NA,NA,NA,NA,NA,NA,NA,NA,NA,NA,0,NA,NA,0,NA,NA,0,NA,NA,0,NA,NA,0,NA,NA,0,NA,NA,0,NA,NA,NA,NA,NA,NA,NA,NA,NA,NA,NA,NA,NA,NA,NA,NA,NA,NA,NA,NA,NA,NA,NA
"273","H3346",0,NA,NA,NA,NA,NA,NA,NA,NA,NA,NA,NA,NA,NA,NA,0,NA,NA,0,NA,NA,0,NA,NA,0,NA,NA,0,NA,NA,0,NA,NA,0,NA,NA,NA,NA,NA,NA,NA,NA,NA,NA,NA,NA,NA,NA,NA,NA,NA,NA,NA,NA,NA,NA,NA
"274","H3246",1,0,0,"sunflower and peanuts",0,0.030369,0.030979,0.009855,0.869782,0.038006,4525.622444,0.02101,54.36168338,-7.508499456,7.24089,0,0,0,1,0,0,1,0,0,1,0,0,1,0,0,0,0,0,1,0,0,NA,0,0,NA,0,0,NA,0,0,NA,0,0,NA,NA,0,NA,NA,0,NA,NA,0
"275","J0887",0,NA,0,"sunflower and peanuts",0,0.316858,0,0.397084,0.23309,0.022708,244.342982,0,54.71941659,-6.324749619,41.023951,0,NA,0,0,NA,0,0,NA,0,0,NA,0,0,NA,0,0,NA,0,NA,NA,0,NA,NA,0,NA,NA,0,NA,NA,0,NA,NA,0,NA,NA,0,NA,NA,0,NA,NA,0
"276","H3641",0,NA,NA,NA,NA,NA,NA,NA,NA,NA,NA,NA,NA,NA,NA,0,NA,NA,0,NA,NA,0,NA,NA,0,NA,NA,0,NA,NA,0,NA,NA,0,NA,NA,0,NA,NA,0,NA,NA,NA,NA,NA,NA,NA,NA,NA,NA,NA,NA,NA,NA,NA,NA,NA
"277","H3425",1,NA,1,"sunflower and peanuts",0,0.669548,0,0.047416,0.074895,0.070521,0,0.030732,54.17290627,-7.480116435,30.66075,0,NA,0,0,NA,0,0,NA,0,0,NA,0,1,NA,0,1,NA,0,1,NA,1,NA,NA,1,NA,NA,1,NA,NA,1,NA,NA,1,NA,NA,1,NA,NA,0,NA,NA,1
"278","H2351",0,NA,1,"sunflower and peanuts",0,0.205345,0.030251,0.086022,0.646404,0.0127,5042.276736,0.019279,54.40708436,-7.64655419,69.309298,0,NA,0,0,NA,0,0,NA,0,0,NA,0,0,NA,1,0,NA,0,0,NA,0,0,NA,0,NA,NA,1,NA,NA,0,NA,NA,0,NA,NA,0,NA,NA,1,NA,NA,0
"279","H2452",1,1,1,"sunflower and peanuts",0,0.174422,0.019084,0.056366,0.712055,0.020961,3239.146816,0.017114,54.41602147,-7.631074156,30.410301,0,0,0,0,0,0,1,0,0,0,0,0,0,1,1,0,0,1,0,0,0,NA,0,1,NA,0,0,NA,NA,0,NA,NA,0,NA,NA,0,NA,NA,0,NA,NA,0
"280","C6720",0,0,0,"sunflower and peanuts",0,0.135612,0.025124,0.038639,0.582895,0,5444.794706,0.217729,55.02291983,-6.953201018,168.416097,0,0,0,0,0,0,0,0,0,0,0,0,0,0,0,0,0,0,0,0,0,0,0,0,0,NA,0,0,NA,0,0,NA,0,0,NA,0,NA,NA,0,NA,NA,0
"281","H1466",0,0,1,"sunflower and peanuts",0,0.024045,0.489519,0.0624,0.410201,0,910.175332,0,54.54215926,-7.784441202,20.590099,0,0,1,0,0,1,0,0,1,0,0,1,0,0,1,0,0,1,0,0,1,NA,0,0,NA,0,1,NA,0,0,NA,NA,1,NA,NA,0,NA,NA,0,NA,NA,0
"282","H4777",0,NA,NA,NA,NA,NA,NA,NA,NA,NA,NA,NA,NA,NA,NA,0,NA,NA,0,NA,NA,0,NA,NA,0,NA,NA,0,NA,NA,0,NA,NA,0,NA,NA,NA,NA,NA,NA,NA,NA,NA,NA,NA,NA,NA,NA,NA,NA,NA,NA,NA,NA,NA,NA,NA
"283","J2337",0,NA,1,"sunflower and peanuts",0,0.036501,0.003653,0.000407,0.441276,0.260585,0,0.257578,54.26706026,-6.112907418,11.3542,0,NA,1,0,NA,1,0,NA,1,0,NA,1,0,NA,1,0,NA,1,0,NA,1,NA,NA,1,NA,NA,1,NA,NA,1,NA,NA,0,NA,NA,1,NA,NA,1,NA,NA,0
"284","H5486",1,NA,NA,NA,NA,NA,NA,NA,NA,NA,NA,NA,NA,NA,NA,0,NA,NA,0,NA,NA,0,NA,NA,0,NA,NA,0,NA,NA,1,NA,NA,1,NA,NA,0,NA,NA,0,NA,NA,0,NA,NA,1,NA,NA,0,NA,NA,NA,NA,NA,NA,NA,NA
"285","H9038",0,NA,0,"sunflower and peanuts",0,0.024095,0.021313,0.18732,0.594981,0,3262.761411,0.060057,54.282905,-6.618907376,40.002934,0,NA,0,0,NA,0,0,NA,0,0,NA,0,0,NA,0,0,NA,0,0,NA,0,NA,NA,0,NA,NA,0,NA,NA,0,NA,NA,0,NA,NA,0,NA,NA,0,NA,NA,0
"286","H4764",0,0,0,"sunflower and peanuts",0,0.203821,0.034108,0.034961,0.644467,0.033307,0,0.042867,54.52220997,-7.274924065,58.498598,0,0,0,0,0,0,0,0,0,0,0,0,0,0,0,0,0,0,0,0,0,0,NA,0,0,NA,0,0,NA,0,0,NA,0,0,NA,0,NA,NA,0,NA,NA,0
"287","J3827",0,NA,NA,NA,NA,NA,NA,NA,NA,NA,NA,NA,NA,NA,NA,0,NA,NA,0,NA,NA,0,NA,NA,0,NA,NA,0,NA,NA,0,NA,NA,0,NA,NA,NA,NA,NA,NA,NA,NA,NA,NA,NA,NA,NA,NA,NA,NA,NA,NA,NA,NA,NA,NA,NA
"288","D2501",1,NA,0,"sunflower and peanuts",0,0,0,0.164591,0.466351,0.280229,4890.651635,0.081437,54.84117218,-6.055067424,57.763901,0,NA,0,0,NA,0,0,NA,0,0,NA,0,1,NA,0,0,NA,0,1,NA,0,0,NA,0,1,NA,0,NA,NA,0,NA,NA,0,NA,NA,0,NA,NA,0,NA,NA,0
"289","J3021",0,NA,NA,NA,NA,NA,NA,NA,NA,NA,NA,NA,NA,NA,NA,0,NA,NA,0,NA,NA,0,NA,NA,0,NA,NA,0,NA,NA,0,NA,NA,0,NA,NA,NA,NA,NA,NA,NA,NA,NA,NA,NA,NA,NA,NA,NA,NA,NA,NA,NA,NA,NA,NA,NA
"290","H3792",0,0,0,"sunflower and peanuts",0.114697,0,0,0.657737,0.106516,0.08083,2455.190908,0.040221,54.77454992,-7.425808262,46.048299,0,0,0,0,0,0,0,0,0,0,0,0,0,0,0,0,0,0,0,0,0,NA,0,0,NA,NA,0,NA,NA,0,NA,NA,0,NA,NA,0,NA,NA,0,NA,NA,0
"291","J0257",0,NA,NA,NA,NA,NA,NA,NA,NA,NA,NA,NA,NA,NA,NA,0,NA,NA,0,NA,NA,0,NA,NA,0,NA,NA,0,NA,NA,0,NA,NA,0,NA,NA,0,NA,NA,0,NA,NA,NA,NA,NA,NA,NA,NA,NA,NA,NA,NA,NA,NA,NA,NA,NA
"292","H2774",0,0,NA,NA,NA,NA,NA,NA,NA,NA,NA,NA,NA,NA,NA,0,0,NA,0,0,NA,0,0,NA,0,0,NA,0,0,NA,0,0,NA,0,0,NA,NA,0,NA,NA,0,NA,NA,0,NA,NA,NA,NA,NA,NA,NA,NA,NA,NA,NA,NA,NA
"293","D1627",1,NA,1,"sunflower and peanuts",0.032271,0,0,0.199614,0,0.170692,5609.61335,0.597423,55.07676523,-6.18457708,52.6454,1,NA,0,1,NA,0,1,NA,0,1,NA,0,1,NA,1,1,NA,0,1,NA,1,NA,NA,1,NA,NA,0,NA,NA,1,NA,NA,1,NA,NA,0,NA,NA,1,NA,NA,0
"294","J0319",1,NA,NA,NA,NA,NA,NA,NA,NA,NA,NA,NA,NA,NA,NA,0,NA,NA,1,NA,NA,1,NA,NA,1,NA,NA,0,NA,NA,0,NA,NA,0,NA,NA,0,NA,NA,0,NA,NA,0,NA,NA,0,NA,NA,0,NA,NA,NA,NA,NA,NA,NA,NA
"295","J2023",0,2,1,"sunflower and peanuts",0,0.041477,0,0.466327,0.054105,0.249939,2074.940021,0.188152,54.1420651,-6.164508973,154.380848,0,0,1,0,0,1,0,0,1,0,0,1,0,0,0,0,0,0,0,0,0,NA,1,0,NA,0,0,NA,0,0,NA,1,0,NA,0,0,NA,0,0,NA,NA,0
"296","D1628",0,NA,1,"sunflower and peanuts",0.061288,0.014464,0,0.751182,0.008526,0.043996,2597.517862,0.120544,55.08574311,-6.184170225,32.171,0,NA,0,0,NA,0,0,NA,0,0,NA,0,0,NA,0,0,NA,0,0,NA,0,NA,NA,0,NA,NA,0,NA,NA,0,NA,NA,0,NA,NA,1,NA,NA,0,NA,NA,1
"297","D1222",0,NA,NA,NA,NA,NA,NA,NA,NA,NA,NA,NA,NA,NA,NA,0,NA,NA,0,NA,NA,0,NA,NA,0,NA,NA,0,NA,NA,0,NA,NA,0,NA,NA,0,NA,NA,0,NA,NA,NA,NA,NA,NA,NA,NA,NA,NA,NA,NA,NA,NA,NA,NA,NA
"298","D1321",0,NA,0,"sunflower and peanuts",0.462988,0,0,0.36973,0.008817,0.158465,4256.129074,0,55.02358734,-6.233895309,38.076,0,NA,0,0,NA,0,0,NA,0,0,NA,0,0,NA,0,0,NA,0,0,NA,0,0,NA,0,0,NA,0,NA,NA,0,NA,NA,0,NA,NA,0,NA,NA,0,NA,NA,0
"299","H8682",0,0,0,"sunflower and peanuts",0,0.188975,0.005833,0.046905,0.736671,0.008715,2882.392012,0.012901,54.67875119,-6.667514034,505.690432,0,0,0,0,0,0,0,0,0,0,0,0,0,0,0,0,0,0,0,0,0,NA,NA,0,NA,NA,0,NA,NA,0,NA,NA,0,NA,NA,0,NA,NA,0,NA,NA,0
"300","C7827",0,NA,0,"sunflower and peanuts",0,0.18498,0,0.355961,0.046604,0.190707,1766.894353,0.220083,55.08418153,-6.779343789,45.64005,0,NA,0,0,NA,0,0,NA,0,0,NA,0,0,NA,0,0,NA,0,0,NA,0,0,NA,0,0,NA,0,0,NA,0,0,NA,0,0,NA,0,NA,NA,0,NA,NA,0
"301","H5949",0,NA,NA,NA,NA,NA,NA,NA,NA,NA,NA,NA,NA,NA,NA,0,NA,NA,0,NA,NA,0,NA,NA,0,NA,NA,0,NA,NA,0,NA,NA,0,NA,NA,0,NA,NA,0,NA,NA,0,NA,NA,NA,NA,NA,NA,NA,NA,NA,NA,NA,NA,NA,NA
"302","D3016",0,1,0,"sunflower and peanuts",0,0.474388,0.024416,0.181733,0.221411,0.015374,0,0.066429,54.97455619,-5.970527036,54.133301,0,0,0,0,0,0,0,0,0,0,0,0,0,0,0,0,0,0,0,0,0,0,1,0,0,0,0,0,0,0,0,0,0,0,0,0,NA,0,0,NA,0,0
"303","J3371",0,NA,NA,NA,NA,NA,NA,NA,NA,NA,NA,NA,NA,NA,NA,0,NA,NA,0,NA,NA,0,NA,NA,0,NA,NA,0,NA,NA,0,NA,NA,0,NA,NA,0,NA,NA,0,NA,NA,0,NA,NA,0,NA,NA,NA,NA,NA,NA,NA,NA,NA,NA,NA
"304","H8637",0,NA,0,"sunflower and peanuts",0,0.061429,0.020344,0.007426,0.845196,0.009319,4059.568751,0.056285,54.27461156,-6.680591043,31.070699,0,NA,0,0,NA,0,0,NA,0,0,NA,0,0,NA,0,0,NA,0,0,NA,0,NA,NA,0,NA,NA,0,NA,NA,0,NA,NA,0,NA,NA,0,NA,NA,0,NA,NA,0
"305","J3558",0,NA,NA,NA,NA,NA,NA,NA,NA,NA,NA,NA,NA,NA,NA,0,NA,NA,0,NA,NA,0,NA,NA,0,NA,NA,0,NA,NA,0,NA,NA,0,NA,NA,NA,NA,NA,NA,NA,NA,NA,NA,NA,NA,NA,NA,NA,NA,NA,NA,NA,NA,NA,NA,NA
"306","H8758",0,NA,0,"sunflower and peanuts",0,0.090201,0.016473,0.008065,0.807647,1e-04,1831.268741,0.070833,54.46304358,-6.659112214,76.716301,0,NA,0,0,NA,0,0,NA,0,0,NA,0,0,NA,0,0,NA,0,0,NA,0,NA,NA,0,NA,NA,0,NA,NA,0,NA,NA,0,NA,NA,0,NA,NA,0,NA,NA,0
"307","J4046",1,NA,0,"sunflower and peanuts",0,0.06128,0.082311,0.368704,0.234152,0.175145,0,0.078409,54.34349025,-5.847964733,12.5006,0,NA,0,1,NA,0,1,NA,0,1,NA,0,1,NA,0,1,NA,0,1,NA,0,NA,NA,0,NA,NA,0,NA,NA,0,NA,NA,0,NA,NA,0,NA,NA,0,NA,NA,0
"308","H6488",0,NA,NA,NA,NA,NA,NA,NA,NA,NA,NA,NA,NA,NA,NA,0,NA,NA,0,NA,NA,0,NA,NA,0,NA,NA,0,NA,NA,0,NA,NA,0,NA,NA,0,NA,NA,NA,NA,NA,NA,NA,NA,NA,NA,NA,NA,NA,NA,NA,NA,NA,NA,NA,NA
"309","J3631",0,NA,NA,NA,NA,NA,NA,NA,NA,NA,NA,NA,NA,NA,NA,0,NA,NA,0,NA,NA,0,NA,NA,0,NA,NA,0,NA,NA,0,NA,NA,0,NA,NA,0,NA,NA,NA,NA,NA,NA,NA,NA,NA,NA,NA,NA,NA,NA,NA,NA,NA,NA,NA,NA
"310","H5088",0,0,0,"sunflower and peanuts",0.176827,0.018336,0,0.257145,0.27479,0.016536,2573.132757,0.256367,54.737497,-7.224507073,41.0149,0,0,0,0,0,0,0,0,0,0,0,0,0,0,0,0,0,0,0,0,0,0,0,0,0,0,0,0,0,0,0,NA,0,0,NA,0,NA,NA,0,NA,NA,0
"311","D0424",0,NA,NA,NA,NA,NA,NA,NA,NA,NA,NA,NA,NA,NA,NA,0,NA,NA,0,NA,NA,0,NA,NA,0,NA,NA,0,NA,NA,0,NA,NA,0,NA,NA,NA,NA,NA,NA,NA,NA,NA,NA,NA,NA,NA,NA,NA,NA,NA,NA,NA,NA,NA,NA,NA
"312","J3332",1,NA,NA,NA,NA,NA,NA,NA,NA,NA,NA,NA,NA,NA,NA,0,NA,NA,0,NA,NA,0,NA,NA,0,NA,NA,0,NA,NA,0,NA,NA,0,NA,NA,1,NA,NA,1,NA,NA,0,NA,NA,NA,NA,NA,NA,NA,NA,NA,NA,NA,NA,NA,NA
"313","J3423",1,NA,NA,NA,NA,NA,NA,NA,NA,NA,NA,NA,NA,NA,NA,1,NA,NA,0,NA,NA,1,NA,NA,0,NA,NA,0,NA,NA,0,NA,NA,0,NA,NA,1,NA,NA,1,NA,NA,1,NA,NA,NA,NA,NA,NA,NA,NA,NA,NA,NA,NA,NA,NA
"314","J4373",0,NA,NA,NA,NA,NA,NA,NA,NA,NA,NA,NA,NA,NA,NA,0,NA,NA,0,NA,NA,0,NA,NA,0,NA,NA,0,NA,NA,0,NA,NA,0,NA,NA,0,NA,NA,0,NA,NA,0,NA,NA,0,NA,NA,NA,NA,NA,NA,NA,NA,NA,NA,NA
"315","H2450",0,NA,NA,NA,NA,NA,NA,NA,NA,NA,NA,NA,NA,NA,NA,0,NA,NA,0,NA,NA,0,NA,NA,0,NA,NA,0,NA,NA,0,NA,NA,0,NA,NA,NA,NA,NA,NA,NA,NA,NA,NA,NA,NA,NA,NA,NA,NA,NA,NA,NA,NA,NA,NA,NA
"316","H4534",0,NA,0,"sunflower and peanuts",0.372619,0.152741,0,0.432864,0.036437,0,2629.651463,0,54.25290829,-7.310343511,454.318407,0,NA,0,0,NA,0,0,NA,0,0,NA,0,0,NA,0,0,NA,0,0,NA,0,NA,NA,0,NA,NA,0,NA,NA,0,NA,NA,0,NA,NA,0,NA,NA,0,NA,NA,0
"317","H1150",0,0,1,"sunflower and peanuts",0,0.165772,0.016833,0.429616,0.253174,0.033776,1687.198334,0.100828,54.39850097,-7.831385691,10.777085,0,0,0,0,0,1,0,0,1,0,0,1,0,0,1,0,0,1,0,0,0,NA,0,1,NA,0,0,NA,0,1,NA,0,0,NA,0,0,NA,0,0,NA,NA,0
"318","H0147",0,1,1,"sunflower and peanuts",0,0,0,0.454892,0.025969,0.156972,2818.561043,0.362166,54.37166799,-7.985359722,4.0467,0,0,1,0,0,1,0,0,1,0,0,1,0,0,1,0,0,1,0,0,0,NA,0,1,NA,1,1,NA,0,0,NA,0,1,NA,0,1,NA,0,1,NA,0,0
"319","J3132",0,NA,1,"sunflower and peanuts",0,0.001726,0,0.105837,0.485219,0.050523,2111.798994,0.356694,54.22018579,-5.992384108,45.192751,0,NA,1,0,NA,0,0,NA,0,0,NA,0,0,NA,0,0,NA,0,0,NA,0,NA,NA,0,NA,NA,0,NA,NA,0,NA,NA,0,NA,NA,0,NA,NA,0,NA,NA,0
"320","H0664",0,1,1,"sunflower and peanuts",0,0.011482,0,0.252424,0.009432,0.572712,1346.427362,0.144119,54.52435035,-7.908085126,40.751099,0,0,1,0,0,1,0,1,0,0,0,0,0,0,0,0,0,0,0,0,1,NA,NA,0,NA,NA,1,NA,NA,1,NA,NA,0,NA,NA,0,NA,NA,0,NA,NA,0
"321","J4280",0,NA,NA,NA,NA,NA,NA,NA,NA,NA,NA,NA,NA,NA,NA,0,NA,NA,0,NA,NA,0,NA,NA,0,NA,NA,0,NA,NA,0,NA,NA,0,NA,NA,0,NA,NA,0,NA,NA,0,NA,NA,0,NA,NA,NA,NA,NA,NA,NA,NA,NA,NA,NA
"322","H3477",0,NA,NA,NA,NA,NA,NA,NA,NA,NA,NA,NA,NA,NA,NA,0,NA,NA,0,NA,NA,0,NA,NA,0,NA,NA,0,NA,NA,0,NA,NA,0,NA,NA,NA,NA,NA,NA,NA,NA,NA,NA,NA,NA,NA,NA,NA,NA,NA,NA,NA,NA,NA,NA,NA
"323","H3885",0,NA,NA,NA,NA,NA,NA,NA,NA,NA,NA,NA,NA,NA,NA,0,NA,NA,0,NA,NA,0,NA,NA,0,NA,NA,0,NA,NA,0,NA,NA,0,NA,NA,NA,NA,NA,NA,NA,NA,NA,NA,NA,NA,NA,NA,NA,NA,NA,NA,NA,NA,NA,NA,NA
"324","H3791",0,NA,NA,NA,NA,NA,NA,NA,NA,NA,NA,NA,NA,NA,NA,0,NA,NA,0,NA,NA,0,NA,NA,0,NA,NA,0,NA,NA,0,NA,NA,0,NA,NA,NA,NA,NA,NA,NA,NA,NA,NA,NA,NA,NA,NA,NA,NA,NA,NA,NA,NA,NA,NA,NA
"325","J3589",0,NA,0,"sunflower and peanuts",0,0.08095,0,0.376688,0.176935,0.123824,1481.886898,0.241603,54.73085803,-5.905103489,45.64005,0,NA,0,0,NA,0,0,NA,0,0,NA,0,0,NA,0,0,NA,0,0,NA,0,NA,NA,0,NA,NA,0,NA,NA,0,NA,NA,0,NA,NA,0,NA,NA,0,NA,NA,0
"326","J3790",0,NA,NA,NA,NA,NA,NA,NA,NA,NA,NA,NA,NA,NA,NA,0,NA,NA,0,NA,NA,0,NA,NA,0,NA,NA,0,NA,NA,0,NA,NA,0,NA,NA,NA,NA,NA,NA,NA,NA,NA,NA,NA,NA,NA,NA,NA,NA,NA,NA,NA,NA,NA,NA,NA
"327","H2655",0,NA,NA,NA,NA,NA,NA,NA,NA,NA,NA,NA,NA,NA,NA,0,NA,NA,0,NA,NA,0,NA,NA,0,NA,NA,0,NA,NA,0,NA,NA,0,NA,NA,NA,NA,NA,NA,NA,NA,NA,NA,NA,NA,NA,NA,NA,NA,NA,NA,NA,NA,NA,NA,NA
